﻿<?xml version="1.0" encoding="utf-8"?>
<Election>
  <Type>Présidentielle</Type>
  <NbrTour>2</NbrTour>
  <DateScrutin>
    <DateTour1>DIMANCHE 22 AVRIL 2007</DateTour1>
    <DateTour2>DIMANCHE 6 MAI 2007</DateTour2>
  </DateScrutin>
  <DateExtraction>10/05/2007</DateExtraction>
  <HeureExtraction>14:05</HeureExtraction>
  <Region>
    <CodReg3Car>000</CodReg3Car>
    <Departement>
      <CodDpt>99</CodDpt>
      <CodDpt3Car>099</CodDpt3Car>
      <LibDpt>FRANCAIS DE L'ETRANGER</LibDpt>
      <LienIdxLet1>
        <libelle>
          <CodDpt>99</CodDpt>
          <LibLigne1>Résultats par commune : </LibLigne1>
          <LibLigne2>Cliquez sur la lettre correspondant à l'initiale</LibLigne2>
          <Index>
            <IndexLet1>
              <LibIndex>E</LibIndex>
              <NomPageIndex>099e</NomPageIndex>
            </IndexLet1>
          </Index>
        </libelle>
      </LienIdxLet1>
      <Resultats>
        <Tour>
          <NumTour>2</NumTour>
          <Periode>
            <CodPeriod>PVoteT2</CodPeriod>
            <Mention>
              <Inscrit>
                <NbrIns>     821 919</NbrIns>
                <RapIns> 100,00</RapIns>
              </Inscrit>
              <Abstention>
                <NbrAbs>     475 609</NbrAbs>
                <RapAbs>  57,87</RapAbs>
              </Abstention>
              <Votant>
                <NbrVot>     346 310</NbrVot>
                <RapVot>  42,13</RapVot>
              </Votant>
              <Blanc>
                <NbrBla>           0</NbrBla>
                <RapBla>   0,00</RapBla>
              </Blanc>
              <Nul>
                <NbrNul>       6 217</NbrNul>
                <RapNul>   0,76</RapNul>
              </Nul>
              <BlancNul>
                <NbrBlaNul>       6 217</NbrBlaNul>
                <RapBlaNul>   1,80</RapBlaNul>
              </BlancNul>
              <Exprime>
                <NbrExp>     340 093</NbrExp>
                <RapExp>  98,20</RapExp>
              </Exprime>
            </Mention>
            <Liste>
              <Candidat>
                <Nom>SARKOZY</Nom>
                <Prenom>Nicolas</Prenom>
                <Civilite>M.</Civilite>
                <Voix>     183 613</Voix>
                <RapVoixExp>  53,99</RapVoixExp>
                <NumDepCand>12</NumDepCand>
                <NumPanneauCand>1</NumPanneauCand>
              </Candidat>
              <Candidat>
                <Nom>ROYAL</Nom>
                <Prenom>Ségolène</Prenom>
                <Civilite>Mme</Civilite>
                <Voix>     156 480</Voix>
                <RapVoixExp>  46,01</RapVoixExp>
                <NumDepCand>8</NumDepCand>
                <NumPanneauCand>2</NumPanneauCand>
              </Candidat>
            </Liste>
          </Periode>
          <Periode>
            <CodPeriod>SaisieResT2</CodPeriod>
            <Mention>
              <Inscrit>
                <NbrIns>     821 919</NbrIns>
                <RapIns> 100,00</RapIns>
              </Inscrit>
              <Abstention>
                <NbrAbs>     475 609</NbrAbs>
                <RapAbs>  57,87</RapAbs>
              </Abstention>
              <Votant>
                <NbrVot>     346 310</NbrVot>
                <RapVot>  42,13</RapVot>
              </Votant>
              <Blanc>
                <NbrBla>           0</NbrBla>
                <RapBla>   0,00</RapBla>
              </Blanc>
              <Nul>
                <NbrNul>       6 217</NbrNul>
                <RapNul>   0,76</RapNul>
              </Nul>
              <BlancNul>
                <NbrBlaNul>       6 217</NbrBlaNul>
                <RapBlaNul>   1,80</RapBlaNul>
              </BlancNul>
              <Exprime>
                <NbrExp>     340 093</NbrExp>
                <RapExp>  98,20</RapExp>
              </Exprime>
            </Mention>
            <Liste>
              <Candidat>
                <Nom>SARKOZY</Nom>
                <Prenom>Nicolas</Prenom>
                <Civilite>M.</Civilite>
                <Voix>     183 613</Voix>
                <RapVoixExp>  53,99</RapVoixExp>
                <NumDepCand>12</NumDepCand>
                <NumPanneauCand>1</NumPanneauCand>
              </Candidat>
              <Candidat>
                <Nom>ROYAL</Nom>
                <Prenom>Ségolène</Prenom>
                <Civilite>Mme</Civilite>
                <Voix>     156 480</Voix>
                <RapVoixExp>  46,01</RapVoixExp>
                <NumDepCand>8</NumDepCand>
                <NumPanneauCand>2</NumPanneauCand>
              </Candidat>
            </Liste>
          </Periode>
        </Tour>
        <Tour>
          <NumTour>1</NumTour>
          <Periode>
            <CodPeriod>PVoteT1</CodPeriod>
            <Mention>
              <Inscrit>
                <NbrIns>     822 944</NbrIns>
                <RapIns> 100,00</RapIns>
              </Inscrit>
              <Abstention>
                <NbrAbs>     491 263</NbrAbs>
                <RapAbs>  59,70</RapAbs>
              </Abstention>
              <Votant>
                <NbrVot>     331 681</NbrVot>
                <RapVot>  40,30</RapVot>
              </Votant>
              <Blanc>
                <NbrBla>           0</NbrBla>
                <RapBla>   0,00</RapBla>
              </Blanc>
              <Nul>
                <NbrNul>       2 480</NbrNul>
                <RapNul>   0,30</RapNul>
              </Nul>
              <BlancNul>
                <NbrBlaNul>       2 480</NbrBlaNul>
                <RapBlaNul>   0,75</RapBlaNul>
              </BlancNul>
              <Exprime>
                <NbrExp>     329 201</NbrExp>
                <RapExp>  99,25</RapExp>
              </Exprime>
            </Mention>
            <Liste>
              <Candidat>
                <Nom>BESANCENOT</Nom>
                <Prenom>Olivier</Prenom>
                <Civilite>M.</Civilite>
                <Voix>       4 389</Voix>
                <RapVoixExp>   1,33</RapVoixExp>
                <NumDepCand>1</NumDepCand>
                <NumPanneauCand>1</NumPanneauCand>
              </Candidat>
              <Candidat>
                <Nom>BUFFET</Nom>
                <Prenom>Marie-George</Prenom>
                <Civilite>Mme</Civilite>
                <Voix>       1 840</Voix>
                <RapVoixExp>   0,56</RapVoixExp>
                <NumDepCand>2</NumDepCand>
                <NumPanneauCand>2</NumPanneauCand>
              </Candidat>
              <Candidat>
                <Nom>SCHIVARDI</Nom>
                <Prenom>Gérard</Prenom>
                <Civilite>M.</Civilite>
                <Voix>         406</Voix>
                <RapVoixExp>   0,12</RapVoixExp>
                <NumDepCand>3</NumDepCand>
                <NumPanneauCand>3</NumPanneauCand>
              </Candidat>
              <Candidat>
                <Nom>BAYROU</Nom>
                <Prenom>François</Prenom>
                <Civilite>M.</Civilite>
                <Voix>      70 908</Voix>
                <RapVoixExp>  21,54</RapVoixExp>
                <NumDepCand>4</NumDepCand>
                <NumPanneauCand>4</NumPanneauCand>
              </Candidat>
              <Candidat>
                <Nom>BOVÉ</Nom>
                <Prenom>José</Prenom>
                <Civilite>M.</Civilite>
                <Voix>       3 951</Voix>
                <RapVoixExp>   1,20</RapVoixExp>
                <NumDepCand>5</NumDepCand>
                <NumPanneauCand>5</NumPanneauCand>
              </Candidat>
              <Candidat>
                <Nom>VOYNET</Nom>
                <Prenom>Dominique</Prenom>
                <Civilite>Mme</Civilite>
                <Voix>       6 518</Voix>
                <RapVoixExp>   1,98</RapVoixExp>
                <NumDepCand>6</NumDepCand>
                <NumPanneauCand>6</NumPanneauCand>
              </Candidat>
              <Candidat>
                <Nom>de VILLIERS</Nom>
                <Prenom>Philippe</Prenom>
                <Civilite>M.</Civilite>
                <Voix>       2 915</Voix>
                <RapVoixExp>   0,89</RapVoixExp>
                <NumDepCand>7</NumDepCand>
                <NumPanneauCand>7</NumPanneauCand>
              </Candidat>
              <Candidat>
                <Nom>ROYAL</Nom>
                <Prenom>Ségolène</Prenom>
                <Civilite>Mme</Civilite>
                <Voix>      98 498</Voix>
                <RapVoixExp>  29,92</RapVoixExp>
                <NumDepCand>8</NumDepCand>
                <NumPanneauCand>8</NumPanneauCand>
              </Candidat>
              <Candidat>
                <Nom>NIHOUS</Nom>
                <Prenom>Frédéric</Prenom>
                <Civilite>M.</Civilite>
                <Voix>         678</Voix>
                <RapVoixExp>   0,21</RapVoixExp>
                <NumDepCand>9</NumDepCand>
                <NumPanneauCand>9</NumPanneauCand>
              </Candidat>
              <Candidat>
                <Nom>LE PEN</Nom>
                <Prenom>Jean-Marie</Prenom>
                <Civilite>M.</Civilite>
                <Voix>      10 771</Voix>
                <RapVoixExp>   3,27</RapVoixExp>
                <NumDepCand>10</NumDepCand>
                <NumPanneauCand>10</NumPanneauCand>
              </Candidat>
              <Candidat>
                <Nom>LAGUILLER</Nom>
                <Prenom>Arlette</Prenom>
                <Civilite>Mme</Civilite>
                <Voix>       1 624</Voix>
                <RapVoixExp>   0,49</RapVoixExp>
                <NumDepCand>11</NumDepCand>
                <NumPanneauCand>11</NumPanneauCand>
              </Candidat>
              <Candidat>
                <Nom>SARKOZY</Nom>
                <Prenom>Nicolas</Prenom>
                <Civilite>M.</Civilite>
                <Voix>     126 703</Voix>
                <RapVoixExp>  38,49</RapVoixExp>
                <NumDepCand>12</NumDepCand>
                <NumPanneauCand>12</NumPanneauCand>
              </Candidat>
            </Liste>
          </Periode>
          <Periode>
            <CodPeriod>SaisieResT1</CodPeriod>
            <Mention>
              <Inscrit>
                <NbrIns>     822 944</NbrIns>
                <RapIns> 100,00</RapIns>
              </Inscrit>
              <Abstention>
                <NbrAbs>     491 263</NbrAbs>
                <RapAbs>  59,70</RapAbs>
              </Abstention>
              <Votant>
                <NbrVot>     331 681</NbrVot>
                <RapVot>  40,30</RapVot>
              </Votant>
              <Blanc>
                <NbrBla>           0</NbrBla>
                <RapBla>   0,00</RapBla>
              </Blanc>
              <Nul>
                <NbrNul>       2 480</NbrNul>
                <RapNul>   0,30</RapNul>
              </Nul>
              <BlancNul>
                <NbrBlaNul>       2 480</NbrBlaNul>
                <RapBlaNul>   0,75</RapBlaNul>
              </BlancNul>
              <Exprime>
                <NbrExp>     329 201</NbrExp>
                <RapExp>  99,25</RapExp>
              </Exprime>
            </Mention>
            <Liste>
              <Candidat>
                <Nom>BESANCENOT</Nom>
                <Prenom>Olivier</Prenom>
                <Civilite>M.</Civilite>
                <Voix>       4 389</Voix>
                <RapVoixExp>   1,33</RapVoixExp>
                <NumDepCand>1</NumDepCand>
                <NumPanneauCand>1</NumPanneauCand>
              </Candidat>
              <Candidat>
                <Nom>BUFFET</Nom>
                <Prenom>Marie-George</Prenom>
                <Civilite>Mme</Civilite>
                <Voix>       1 840</Voix>
                <RapVoixExp>   0,56</RapVoixExp>
                <NumDepCand>2</NumDepCand>
                <NumPanneauCand>2</NumPanneauCand>
              </Candidat>
              <Candidat>
                <Nom>SCHIVARDI</Nom>
                <Prenom>Gérard</Prenom>
                <Civilite>M.</Civilite>
                <Voix>         406</Voix>
                <RapVoixExp>   0,12</RapVoixExp>
                <NumDepCand>3</NumDepCand>
                <NumPanneauCand>3</NumPanneauCand>
              </Candidat>
              <Candidat>
                <Nom>BAYROU</Nom>
                <Prenom>François</Prenom>
                <Civilite>M.</Civilite>
                <Voix>      70 908</Voix>
                <RapVoixExp>  21,54</RapVoixExp>
                <NumDepCand>4</NumDepCand>
                <NumPanneauCand>4</NumPanneauCand>
              </Candidat>
              <Candidat>
                <Nom>BOVÉ</Nom>
                <Prenom>José</Prenom>
                <Civilite>M.</Civilite>
                <Voix>       3 951</Voix>
                <RapVoixExp>   1,20</RapVoixExp>
                <NumDepCand>5</NumDepCand>
                <NumPanneauCand>5</NumPanneauCand>
              </Candidat>
              <Candidat>
                <Nom>VOYNET</Nom>
                <Prenom>Dominique</Prenom>
                <Civilite>Mme</Civilite>
                <Voix>       6 518</Voix>
                <RapVoixExp>   1,98</RapVoixExp>
                <NumDepCand>6</NumDepCand>
                <NumPanneauCand>6</NumPanneauCand>
              </Candidat>
              <Candidat>
                <Nom>de VILLIERS</Nom>
                <Prenom>Philippe</Prenom>
                <Civilite>M.</Civilite>
                <Voix>       2 915</Voix>
                <RapVoixExp>   0,89</RapVoixExp>
                <NumDepCand>7</NumDepCand>
                <NumPanneauCand>7</NumPanneauCand>
              </Candidat>
              <Candidat>
                <Nom>ROYAL</Nom>
                <Prenom>Ségolène</Prenom>
                <Civilite>Mme</Civilite>
                <Voix>      98 498</Voix>
                <RapVoixExp>  29,92</RapVoixExp>
                <NumDepCand>8</NumDepCand>
                <NumPanneauCand>8</NumPanneauCand>
              </Candidat>
              <Candidat>
                <Nom>NIHOUS</Nom>
                <Prenom>Frédéric</Prenom>
                <Civilite>M.</Civilite>
                <Voix>         678</Voix>
                <RapVoixExp>   0,21</RapVoixExp>
                <NumDepCand>9</NumDepCand>
                <NumPanneauCand>9</NumPanneauCand>
              </Candidat>
              <Candidat>
                <Nom>LE PEN</Nom>
                <Prenom>Jean-Marie</Prenom>
                <Civilite>M.</Civilite>
                <Voix>      10 771</Voix>
                <RapVoixExp>   3,27</RapVoixExp>
                <NumDepCand>10</NumDepCand>
                <NumPanneauCand>10</NumPanneauCand>
              </Candidat>
              <Candidat>
                <Nom>LAGUILLER</Nom>
                <Prenom>Arlette</Prenom>
                <Civilite>Mme</Civilite>
                <Voix>       1 624</Voix>
                <RapVoixExp>   0,49</RapVoixExp>
                <NumDepCand>11</NumDepCand>
                <NumPanneauCand>11</NumPanneauCand>
              </Candidat>
              <Candidat>
                <Nom>SARKOZY</Nom>
                <Prenom>Nicolas</Prenom>
                <Civilite>M.</Civilite>
                <Voix>     126 703</Voix>
                <RapVoixExp>  38,49</RapVoixExp>
                <NumDepCand>12</NumDepCand>
                <NumPanneauCand>12</NumPanneauCand>
              </Candidat>
            </Liste>
          </Periode>
        </Tour>
      </Resultats>
    </Departement>
  </Region>
</Election>