﻿<?xml version="1.0" encoding="utf-8"?>
<Election>
  <Scrutin>
    <Type>Cantonales</Type>
    <Annee>2011</Annee>
    <Tour>
      <Jour>20</Jour>
      <Mois>03</Mois>
      <Annee>2011</Annee>
    </Tour>
  </Scrutin>
  <Date>23-03-2011</Date>
  <Heure>17:37:52</Heure>
  <ListeDpt>
    <Dpt>
      <CodReg>82</CodReg>
      <CodReg3Car>082</CodReg3Car>
      <CodDpt>01</CodDpt>
      <CodDpt3Car>001</CodDpt3Car>
      <CodMinDpt>01</CodMinDpt>
      <LibDpt>AIN</LibDpt>
      <DateClotureDpt>20-03-2011</DateClotureDpt>
      <HeureClotureDpt>22:38:47</HeureClotureDpt>
      <Clos>NON CLOS</Clos>
    </Dpt>
    <Dpt>
      <CodReg>22</CodReg>
      <CodReg3Car>022</CodReg3Car>
      <CodDpt>02</CodDpt>
      <CodDpt3Car>002</CodDpt3Car>
      <CodMinDpt>02</CodMinDpt>
      <LibDpt>AISNE</LibDpt>
      <DateClotureDpt>20-03-2011</DateClotureDpt>
      <HeureClotureDpt>23:45:01</HeureClotureDpt>
      <Clos>NON CLOS</Clos>
    </Dpt>
    <Dpt>
      <CodReg>83</CodReg>
      <CodReg3Car>083</CodReg3Car>
      <CodDpt>03</CodDpt>
      <CodDpt3Car>003</CodDpt3Car>
      <CodMinDpt>03</CodMinDpt>
      <LibDpt>ALLIER</LibDpt>
      <DateClotureDpt>20-03-2011</DateClotureDpt>
      <HeureClotureDpt>23:11:47</HeureClotureDpt>
      <Clos>CLOS</Clos>
    </Dpt>
    <Dpt>
      <CodReg>93</CodReg>
      <CodReg3Car>093</CodReg3Car>
      <CodDpt>04</CodDpt>
      <CodDpt3Car>004</CodDpt3Car>
      <CodMinDpt>04</CodMinDpt>
      <LibDpt>ALPES DE HAUTE PROVENCE</LibDpt>
      <DateClotureDpt>20-03-2011</DateClotureDpt>
      <HeureClotureDpt>21:00:33</HeureClotureDpt>
      <Clos>NON CLOS</Clos>
    </Dpt>
    <Dpt>
      <CodReg>93</CodReg>
      <CodReg3Car>093</CodReg3Car>
      <CodDpt>05</CodDpt>
      <CodDpt3Car>005</CodDpt3Car>
      <CodMinDpt>05</CodMinDpt>
      <LibDpt>HAUTES ALPES</LibDpt>
      <DateClotureDpt>21-03-2011</DateClotureDpt>
      <HeureClotureDpt>00:18:12</HeureClotureDpt>
      <Clos>NON CLOS</Clos>
    </Dpt>
    <Dpt>
      <CodReg>93</CodReg>
      <CodReg3Car>093</CodReg3Car>
      <CodDpt>06</CodDpt>
      <CodDpt3Car>006</CodDpt3Car>
      <CodMinDpt>06</CodMinDpt>
      <LibDpt>ALPES MARITIMES</LibDpt>
      <DateClotureDpt>21-03-2011</DateClotureDpt>
      <HeureClotureDpt>00:09:45</HeureClotureDpt>
      <Clos>NON CLOS</Clos>
    </Dpt>
    <Dpt>
      <CodReg>82</CodReg>
      <CodReg3Car>082</CodReg3Car>
      <CodDpt>07</CodDpt>
      <CodDpt3Car>007</CodDpt3Car>
      <CodMinDpt>07</CodMinDpt>
      <LibDpt>ARDECHE</LibDpt>
      <DateClotureDpt>20-03-2011</DateClotureDpt>
      <HeureClotureDpt>22:05:17</HeureClotureDpt>
      <Clos>NON CLOS</Clos>
    </Dpt>
    <Dpt>
      <CodReg>21</CodReg>
      <CodReg3Car>021</CodReg3Car>
      <CodDpt>08</CodDpt>
      <CodDpt3Car>008</CodDpt3Car>
      <CodMinDpt>08</CodMinDpt>
      <LibDpt>ARDENNES</LibDpt>
      <DateClotureDpt>20-03-2011</DateClotureDpt>
      <HeureClotureDpt>21:30:46</HeureClotureDpt>
      <Clos>NON CLOS</Clos>
    </Dpt>
    <Dpt>
      <CodReg>73</CodReg>
      <CodReg3Car>073</CodReg3Car>
      <CodDpt>09</CodDpt>
      <CodDpt3Car>009</CodDpt3Car>
      <CodMinDpt>09</CodMinDpt>
      <LibDpt>ARIEGE</LibDpt>
      <DateClotureDpt>20-03-2011</DateClotureDpt>
      <HeureClotureDpt>21:12:51</HeureClotureDpt>
      <Clos>NON CLOS</Clos>
    </Dpt>
    <Dpt>
      <CodReg>21</CodReg>
      <CodReg3Car>021</CodReg3Car>
      <CodDpt>10</CodDpt>
      <CodDpt3Car>010</CodDpt3Car>
      <CodMinDpt>10</CodMinDpt>
      <LibDpt>AUBE</LibDpt>
      <DateClotureDpt>20-03-2011</DateClotureDpt>
      <HeureClotureDpt>23:45:16</HeureClotureDpt>
      <Clos>NON CLOS</Clos>
    </Dpt>
    <Dpt>
      <CodReg>91</CodReg>
      <CodReg3Car>091</CodReg3Car>
      <CodDpt>11</CodDpt>
      <CodDpt3Car>011</CodDpt3Car>
      <CodMinDpt>11</CodMinDpt>
      <LibDpt>AUDE</LibDpt>
      <DateClotureDpt>20-03-2011</DateClotureDpt>
      <HeureClotureDpt>23:11:30</HeureClotureDpt>
      <Clos>NON CLOS</Clos>
    </Dpt>
    <Dpt>
      <CodReg>73</CodReg>
      <CodReg3Car>073</CodReg3Car>
      <CodDpt>12</CodDpt>
      <CodDpt3Car>012</CodDpt3Car>
      <CodMinDpt>12</CodMinDpt>
      <LibDpt>AVEYRON</LibDpt>
      <DateClotureDpt>20-03-2011</DateClotureDpt>
      <HeureClotureDpt>21:46:02</HeureClotureDpt>
      <Clos>NON CLOS</Clos>
    </Dpt>
    <Dpt>
      <CodReg>93</CodReg>
      <CodReg3Car>093</CodReg3Car>
      <CodDpt>13</CodDpt>
      <CodDpt3Car>013</CodDpt3Car>
      <CodMinDpt>13</CodMinDpt>
      <LibDpt>BOUCHES DU RHONE</LibDpt>
      <DateClotureDpt>21-03-2011</DateClotureDpt>
      <HeureClotureDpt>00:37:57</HeureClotureDpt>
      <Clos>NON CLOS</Clos>
    </Dpt>
    <Dpt>
      <CodReg>25</CodReg>
      <CodReg3Car>025</CodReg3Car>
      <CodDpt>14</CodDpt>
      <CodDpt3Car>014</CodDpt3Car>
      <CodMinDpt>14</CodMinDpt>
      <LibDpt>CALVADOS</LibDpt>
      <DateClotureDpt>20-03-2011</DateClotureDpt>
      <HeureClotureDpt>22:53:19</HeureClotureDpt>
      <Clos>NON CLOS</Clos>
    </Dpt>
    <Dpt>
      <CodReg>83</CodReg>
      <CodReg3Car>083</CodReg3Car>
      <CodDpt>15</CodDpt>
      <CodDpt3Car>015</CodDpt3Car>
      <CodMinDpt>15</CodMinDpt>
      <LibDpt>CANTAL</LibDpt>
      <DateClotureDpt>20-03-2011</DateClotureDpt>
      <HeureClotureDpt>22:11:56</HeureClotureDpt>
      <Clos>NON CLOS</Clos>
    </Dpt>
    <Dpt>
      <CodReg>54</CodReg>
      <CodReg3Car>054</CodReg3Car>
      <CodDpt>16</CodDpt>
      <CodDpt3Car>016</CodDpt3Car>
      <CodMinDpt>16</CodMinDpt>
      <LibDpt>CHARENTE</LibDpt>
      <DateClotureDpt>20-03-2011</DateClotureDpt>
      <HeureClotureDpt>21:16:18</HeureClotureDpt>
      <Clos>NON CLOS</Clos>
    </Dpt>
    <Dpt>
      <CodReg>54</CodReg>
      <CodReg3Car>054</CodReg3Car>
      <CodDpt>17</CodDpt>
      <CodDpt3Car>017</CodDpt3Car>
      <CodMinDpt>17</CodMinDpt>
      <LibDpt>CHARENTE MARITIME</LibDpt>
      <DateClotureDpt>20-03-2011</DateClotureDpt>
      <HeureClotureDpt>22:31:02</HeureClotureDpt>
      <Clos>NON CLOS</Clos>
    </Dpt>
    <Dpt>
      <CodReg>24</CodReg>
      <CodReg3Car>024</CodReg3Car>
      <CodDpt>18</CodDpt>
      <CodDpt3Car>018</CodDpt3Car>
      <CodMinDpt>18</CodMinDpt>
      <LibDpt>CHER</LibDpt>
      <DateClotureDpt>20-03-2011</DateClotureDpt>
      <HeureClotureDpt>22:11:24</HeureClotureDpt>
      <Clos>NON CLOS</Clos>
    </Dpt>
    <Dpt>
      <CodReg>74</CodReg>
      <CodReg3Car>074</CodReg3Car>
      <CodDpt>19</CodDpt>
      <CodDpt3Car>019</CodDpt3Car>
      <CodMinDpt>19</CodMinDpt>
      <LibDpt>CORREZE</LibDpt>
      <DateClotureDpt>20-03-2011</DateClotureDpt>
      <HeureClotureDpt>22:37:15</HeureClotureDpt>
      <Clos>NON CLOS</Clos>
    </Dpt>
    <Dpt>
      <CodReg>26</CodReg>
      <CodReg3Car>026</CodReg3Car>
      <CodDpt>21</CodDpt>
      <CodDpt3Car>021</CodDpt3Car>
      <CodMinDpt>21</CodMinDpt>
      <LibDpt>COTE D'OR</LibDpt>
      <DateClotureDpt>20-03-2011</DateClotureDpt>
      <HeureClotureDpt>22:19:32</HeureClotureDpt>
      <Clos>NON CLOS</Clos>
    </Dpt>
    <Dpt>
      <CodReg>53</CodReg>
      <CodReg3Car>053</CodReg3Car>
      <CodDpt>22</CodDpt>
      <CodDpt3Car>022</CodDpt3Car>
      <CodMinDpt>22</CodMinDpt>
      <LibDpt>COTES D'ARMOR</LibDpt>
      <DateClotureDpt>20-03-2011</DateClotureDpt>
      <HeureClotureDpt>21:54:12</HeureClotureDpt>
      <Clos>NON CLOS</Clos>
    </Dpt>
    <Dpt>
      <CodReg>74</CodReg>
      <CodReg3Car>074</CodReg3Car>
      <CodDpt>23</CodDpt>
      <CodDpt3Car>023</CodDpt3Car>
      <CodMinDpt>23</CodMinDpt>
      <LibDpt>CREUSE</LibDpt>
      <DateClotureDpt>20-03-2011</DateClotureDpt>
      <HeureClotureDpt>20:46:38</HeureClotureDpt>
      <Clos>NON CLOS</Clos>
    </Dpt>
    <Dpt>
      <CodReg>72</CodReg>
      <CodReg3Car>072</CodReg3Car>
      <CodDpt>24</CodDpt>
      <CodDpt3Car>024</CodDpt3Car>
      <CodMinDpt>24</CodMinDpt>
      <LibDpt>DORDOGNE</LibDpt>
      <DateClotureDpt>20-03-2011</DateClotureDpt>
      <HeureClotureDpt>21:42:47</HeureClotureDpt>
      <Clos>NON CLOS</Clos>
    </Dpt>
    <Dpt>
      <CodReg>43</CodReg>
      <CodReg3Car>043</CodReg3Car>
      <CodDpt>25</CodDpt>
      <CodDpt3Car>025</CodDpt3Car>
      <CodMinDpt>25</CodMinDpt>
      <LibDpt>DOUBS</LibDpt>
      <DateClotureDpt>20-03-2011</DateClotureDpt>
      <HeureClotureDpt>21:43:18</HeureClotureDpt>
      <Clos>NON CLOS</Clos>
    </Dpt>
    <Dpt>
      <CodReg>82</CodReg>
      <CodReg3Car>082</CodReg3Car>
      <CodDpt>26</CodDpt>
      <CodDpt3Car>026</CodDpt3Car>
      <CodMinDpt>26</CodMinDpt>
      <LibDpt>DROME</LibDpt>
      <DateClotureDpt>20-03-2011</DateClotureDpt>
      <HeureClotureDpt>22:58:24</HeureClotureDpt>
      <Clos>NON CLOS</Clos>
    </Dpt>
    <Dpt>
      <CodReg>23</CodReg>
      <CodReg3Car>023</CodReg3Car>
      <CodDpt>27</CodDpt>
      <CodDpt3Car>027</CodDpt3Car>
      <CodMinDpt>27</CodMinDpt>
      <LibDpt>EURE</LibDpt>
      <DateClotureDpt>20-03-2011</DateClotureDpt>
      <HeureClotureDpt>22:27:33</HeureClotureDpt>
      <Clos>NON CLOS</Clos>
    </Dpt>
    <Dpt>
      <CodReg>24</CodReg>
      <CodReg3Car>024</CodReg3Car>
      <CodDpt>28</CodDpt>
      <CodDpt3Car>028</CodDpt3Car>
      <CodMinDpt>28</CodMinDpt>
      <LibDpt>EURE ET LOIR</LibDpt>
      <DateClotureDpt>20-03-2011</DateClotureDpt>
      <HeureClotureDpt>23:39:56</HeureClotureDpt>
      <Clos>NON CLOS</Clos>
    </Dpt>
    <Dpt>
      <CodReg>53</CodReg>
      <CodReg3Car>053</CodReg3Car>
      <CodDpt>29</CodDpt>
      <CodDpt3Car>029</CodDpt3Car>
      <CodMinDpt>29</CodMinDpt>
      <LibDpt>FINISTERE</LibDpt>
      <DateClotureDpt>20-03-2011</DateClotureDpt>
      <HeureClotureDpt>22:58:21</HeureClotureDpt>
      <Clos>NON CLOS</Clos>
    </Dpt>
    <Dpt>
      <CodReg>94</CodReg>
      <CodReg3Car>094</CodReg3Car>
      <CodDpt>2A</CodDpt>
      <CodDpt3Car>02A</CodDpt3Car>
      <CodMinDpt>2A</CodMinDpt>
      <LibDpt>CORSE SUD</LibDpt>
      <DateClotureDpt>20-03-2011</DateClotureDpt>
      <HeureClotureDpt>21:52:47</HeureClotureDpt>
      <Clos>NON CLOS</Clos>
    </Dpt>
    <Dpt>
      <CodReg>94</CodReg>
      <CodReg3Car>094</CodReg3Car>
      <CodDpt>2B</CodDpt>
      <CodDpt3Car>02B</CodDpt3Car>
      <CodMinDpt>2B</CodMinDpt>
      <LibDpt>HAUTE CORSE</LibDpt>
      <DateClotureDpt>20-03-2011</DateClotureDpt>
      <HeureClotureDpt>23:06:52</HeureClotureDpt>
      <Clos>NON CLOS</Clos>
    </Dpt>
    <Dpt>
      <CodReg>91</CodReg>
      <CodReg3Car>091</CodReg3Car>
      <CodDpt>30</CodDpt>
      <CodDpt3Car>030</CodDpt3Car>
      <CodMinDpt>30</CodMinDpt>
      <LibDpt>GARD</LibDpt>
      <DateClotureDpt>20-03-2011</DateClotureDpt>
      <HeureClotureDpt>23:40:06</HeureClotureDpt>
      <Clos>NON CLOS</Clos>
    </Dpt>
    <Dpt>
      <CodReg>73</CodReg>
      <CodReg3Car>073</CodReg3Car>
      <CodDpt>31</CodDpt>
      <CodDpt3Car>031</CodDpt3Car>
      <CodMinDpt>31</CodMinDpt>
      <LibDpt>HAUTE GARONNE</LibDpt>
      <DateClotureDpt>21-03-2011</DateClotureDpt>
      <HeureClotureDpt>00:38:11</HeureClotureDpt>
      <Clos>NON CLOS</Clos>
    </Dpt>
    <Dpt>
      <CodReg>73</CodReg>
      <CodReg3Car>073</CodReg3Car>
      <CodDpt>32</CodDpt>
      <CodDpt3Car>032</CodDpt3Car>
      <CodMinDpt>32</CodMinDpt>
      <LibDpt>GERS</LibDpt>
      <DateClotureDpt>20-03-2011</DateClotureDpt>
      <HeureClotureDpt>21:15:26</HeureClotureDpt>
      <Clos>NON CLOS</Clos>
    </Dpt>
    <Dpt>
      <CodReg>72</CodReg>
      <CodReg3Car>072</CodReg3Car>
      <CodDpt>33</CodDpt>
      <CodDpt3Car>033</CodDpt3Car>
      <CodMinDpt>33</CodMinDpt>
      <LibDpt>GIRONDE</LibDpt>
      <DateClotureDpt>20-03-2011</DateClotureDpt>
      <HeureClotureDpt>23:13:18</HeureClotureDpt>
      <Clos>NON CLOS</Clos>
    </Dpt>
    <Dpt>
      <CodReg>91</CodReg>
      <CodReg3Car>091</CodReg3Car>
      <CodDpt>34</CodDpt>
      <CodDpt3Car>034</CodDpt3Car>
      <CodMinDpt>34</CodMinDpt>
      <LibDpt>HERAULT</LibDpt>
      <DateClotureDpt>21-03-2011</DateClotureDpt>
      <HeureClotureDpt>16:15:16</HeureClotureDpt>
      <Clos>NON CLOS</Clos>
    </Dpt>
    <Dpt>
      <CodReg>53</CodReg>
      <CodReg3Car>053</CodReg3Car>
      <CodDpt>35</CodDpt>
      <CodDpt3Car>035</CodDpt3Car>
      <CodMinDpt>35</CodMinDpt>
      <LibDpt>ILLE ET VILAINE</LibDpt>
      <DateClotureDpt>20-03-2011</DateClotureDpt>
      <HeureClotureDpt>23:52:59</HeureClotureDpt>
      <Clos>NON CLOS</Clos>
    </Dpt>
    <Dpt>
      <CodReg>24</CodReg>
      <CodReg3Car>024</CodReg3Car>
      <CodDpt>36</CodDpt>
      <CodDpt3Car>036</CodDpt3Car>
      <CodMinDpt>36</CodMinDpt>
      <LibDpt>INDRE</LibDpt>
      <DateClotureDpt>20-03-2011</DateClotureDpt>
      <HeureClotureDpt>21:47:21</HeureClotureDpt>
      <Clos>NON CLOS</Clos>
    </Dpt>
    <Dpt>
      <CodReg>24</CodReg>
      <CodReg3Car>024</CodReg3Car>
      <CodDpt>37</CodDpt>
      <CodDpt3Car>037</CodDpt3Car>
      <CodMinDpt>37</CodMinDpt>
      <LibDpt>INDRE ET LOIRE</LibDpt>
      <DateClotureDpt>21-03-2011</DateClotureDpt>
      <HeureClotureDpt>00:18:52</HeureClotureDpt>
      <Clos>NON CLOS</Clos>
    </Dpt>
    <Dpt>
      <CodReg>82</CodReg>
      <CodReg3Car>082</CodReg3Car>
      <CodDpt>38</CodDpt>
      <CodDpt3Car>038</CodDpt3Car>
      <CodMinDpt>38</CodMinDpt>
      <LibDpt>ISERE</LibDpt>
      <DateClotureDpt>21-03-2011</DateClotureDpt>
      <HeureClotureDpt>00:36:42</HeureClotureDpt>
      <Clos>NON CLOS</Clos>
    </Dpt>
    <Dpt>
      <CodReg>43</CodReg>
      <CodReg3Car>043</CodReg3Car>
      <CodDpt>39</CodDpt>
      <CodDpt3Car>039</CodDpt3Car>
      <CodMinDpt>39</CodMinDpt>
      <LibDpt>JURA</LibDpt>
      <DateClotureDpt>21-03-2011</DateClotureDpt>
      <HeureClotureDpt>16:35:02</HeureClotureDpt>
      <Clos>NON CLOS</Clos>
    </Dpt>
    <Dpt>
      <CodReg>72</CodReg>
      <CodReg3Car>072</CodReg3Car>
      <CodDpt>40</CodDpt>
      <CodDpt3Car>040</CodDpt3Car>
      <CodMinDpt>40</CodMinDpt>
      <LibDpt>LANDES</LibDpt>
      <DateClotureDpt>20-03-2011</DateClotureDpt>
      <HeureClotureDpt>22:28:39</HeureClotureDpt>
      <Clos>NON CLOS</Clos>
    </Dpt>
    <Dpt>
      <CodReg>24</CodReg>
      <CodReg3Car>024</CodReg3Car>
      <CodDpt>41</CodDpt>
      <CodDpt3Car>041</CodDpt3Car>
      <CodMinDpt>41</CodMinDpt>
      <LibDpt>LOIR ET CHER</LibDpt>
      <DateClotureDpt>20-03-2011</DateClotureDpt>
      <HeureClotureDpt>23:54:15</HeureClotureDpt>
      <Clos>NON CLOS</Clos>
    </Dpt>
    <Dpt>
      <CodReg>82</CodReg>
      <CodReg3Car>082</CodReg3Car>
      <CodDpt>42</CodDpt>
      <CodDpt3Car>042</CodDpt3Car>
      <CodMinDpt>42</CodMinDpt>
      <LibDpt>LOIRE</LibDpt>
      <DateClotureDpt>20-03-2011</DateClotureDpt>
      <HeureClotureDpt>23:30:55</HeureClotureDpt>
      <Clos>NON CLOS</Clos>
    </Dpt>
    <Dpt>
      <CodReg>83</CodReg>
      <CodReg3Car>083</CodReg3Car>
      <CodDpt>43</CodDpt>
      <CodDpt3Car>043</CodDpt3Car>
      <CodMinDpt>43</CodMinDpt>
      <LibDpt>HAUTE LOIRE</LibDpt>
      <DateClotureDpt>20-03-2011</DateClotureDpt>
      <HeureClotureDpt>23:41:58</HeureClotureDpt>
      <Clos>NON CLOS</Clos>
    </Dpt>
    <Dpt>
      <CodReg>52</CodReg>
      <CodReg3Car>052</CodReg3Car>
      <CodDpt>44</CodDpt>
      <CodDpt3Car>044</CodDpt3Car>
      <CodMinDpt>44</CodMinDpt>
      <LibDpt>LOIRE ATLANTIQUE</LibDpt>
      <DateClotureDpt>21-03-2011</DateClotureDpt>
      <HeureClotureDpt>00:43:48</HeureClotureDpt>
      <Clos>NON CLOS</Clos>
    </Dpt>
    <Dpt>
      <CodReg>24</CodReg>
      <CodReg3Car>024</CodReg3Car>
      <CodDpt>45</CodDpt>
      <CodDpt3Car>045</CodDpt3Car>
      <CodMinDpt>45</CodMinDpt>
      <LibDpt>LOIRET</LibDpt>
      <DateClotureDpt>20-03-2011</DateClotureDpt>
      <HeureClotureDpt>23:06:52</HeureClotureDpt>
      <Clos>NON CLOS</Clos>
    </Dpt>
    <Dpt>
      <CodReg>73</CodReg>
      <CodReg3Car>073</CodReg3Car>
      <CodDpt>46</CodDpt>
      <CodDpt3Car>046</CodDpt3Car>
      <CodMinDpt>46</CodMinDpt>
      <LibDpt>LOT</LibDpt>
      <DateClotureDpt>21-03-2011</DateClotureDpt>
      <HeureClotureDpt>00:08:28</HeureClotureDpt>
      <Clos>NON CLOS</Clos>
    </Dpt>
    <Dpt>
      <CodReg>72</CodReg>
      <CodReg3Car>072</CodReg3Car>
      <CodDpt>47</CodDpt>
      <CodDpt3Car>047</CodDpt3Car>
      <CodMinDpt>47</CodMinDpt>
      <LibDpt>LOT ET GARONNE</LibDpt>
      <DateClotureDpt>20-03-2011</DateClotureDpt>
      <HeureClotureDpt>21:42:01</HeureClotureDpt>
      <Clos>NON CLOS</Clos>
    </Dpt>
    <Dpt>
      <CodReg>91</CodReg>
      <CodReg3Car>091</CodReg3Car>
      <CodDpt>48</CodDpt>
      <CodDpt3Car>048</CodDpt3Car>
      <CodMinDpt>48</CodMinDpt>
      <LibDpt>LOZERE</LibDpt>
      <DateClotureDpt>20-03-2011</DateClotureDpt>
      <HeureClotureDpt>21:02:01</HeureClotureDpt>
      <Clos>NON CLOS</Clos>
    </Dpt>
    <Dpt>
      <CodReg>52</CodReg>
      <CodReg3Car>052</CodReg3Car>
      <CodDpt>49</CodDpt>
      <CodDpt3Car>049</CodDpt3Car>
      <CodMinDpt>49</CodMinDpt>
      <LibDpt>MAINE ET LOIRE</LibDpt>
      <DateClotureDpt>21-03-2011</DateClotureDpt>
      <HeureClotureDpt>00:32:55</HeureClotureDpt>
      <Clos>NON CLOS</Clos>
    </Dpt>
    <Dpt>
      <CodReg>25</CodReg>
      <CodReg3Car>025</CodReg3Car>
      <CodDpt>50</CodDpt>
      <CodDpt3Car>050</CodDpt3Car>
      <CodMinDpt>50</CodMinDpt>
      <LibDpt>MANCHE</LibDpt>
      <DateClotureDpt>20-03-2011</DateClotureDpt>
      <HeureClotureDpt>22:33:59</HeureClotureDpt>
      <Clos>NON CLOS</Clos>
    </Dpt>
    <Dpt>
      <CodReg>21</CodReg>
      <CodReg3Car>021</CodReg3Car>
      <CodDpt>51</CodDpt>
      <CodDpt3Car>051</CodDpt3Car>
      <CodMinDpt>51</CodMinDpt>
      <LibDpt>MARNE</LibDpt>
      <DateClotureDpt>21-03-2011</DateClotureDpt>
      <HeureClotureDpt>00:42:14</HeureClotureDpt>
      <Clos>NON CLOS</Clos>
    </Dpt>
    <Dpt>
      <CodReg>21</CodReg>
      <CodReg3Car>021</CodReg3Car>
      <CodDpt>52</CodDpt>
      <CodDpt3Car>052</CodDpt3Car>
      <CodMinDpt>52</CodMinDpt>
      <LibDpt>HAUTE MARNE</LibDpt>
      <DateClotureDpt>20-03-2011</DateClotureDpt>
      <HeureClotureDpt>23:12:42</HeureClotureDpt>
      <Clos>NON CLOS</Clos>
    </Dpt>
    <Dpt>
      <CodReg>52</CodReg>
      <CodReg3Car>052</CodReg3Car>
      <CodDpt>53</CodDpt>
      <CodDpt3Car>053</CodDpt3Car>
      <CodMinDpt>53</CodMinDpt>
      <LibDpt>MAYENNE</LibDpt>
      <DateClotureDpt>21-03-2011</DateClotureDpt>
      <HeureClotureDpt>15:44:42</HeureClotureDpt>
      <Clos>NON CLOS</Clos>
    </Dpt>
    <Dpt>
      <CodReg>41</CodReg>
      <CodReg3Car>041</CodReg3Car>
      <CodDpt>54</CodDpt>
      <CodDpt3Car>054</CodDpt3Car>
      <CodMinDpt>54</CodMinDpt>
      <LibDpt>MEURTHE ET MOSELLE</LibDpt>
      <DateClotureDpt>20-03-2011</DateClotureDpt>
      <HeureClotureDpt>21:25:43</HeureClotureDpt>
      <Clos>NON CLOS</Clos>
    </Dpt>
    <Dpt>
      <CodReg>41</CodReg>
      <CodReg3Car>041</CodReg3Car>
      <CodDpt>55</CodDpt>
      <CodDpt3Car>055</CodDpt3Car>
      <CodMinDpt>55</CodMinDpt>
      <LibDpt>MEUSE</LibDpt>
      <DateClotureDpt>20-03-2011</DateClotureDpt>
      <HeureClotureDpt>21:17:13</HeureClotureDpt>
      <Clos>NON CLOS</Clos>
    </Dpt>
    <Dpt>
      <CodReg>53</CodReg>
      <CodReg3Car>053</CodReg3Car>
      <CodDpt>56</CodDpt>
      <CodDpt3Car>056</CodDpt3Car>
      <CodMinDpt>56</CodMinDpt>
      <LibDpt>MORBIHAN</LibDpt>
      <DateClotureDpt>20-03-2011</DateClotureDpt>
      <HeureClotureDpt>21:56:56</HeureClotureDpt>
      <Clos>NON CLOS</Clos>
    </Dpt>
    <Dpt>
      <CodReg>41</CodReg>
      <CodReg3Car>041</CodReg3Car>
      <CodDpt>57</CodDpt>
      <CodDpt3Car>057</CodDpt3Car>
      <CodMinDpt>57</CodMinDpt>
      <LibDpt>MOSELLE</LibDpt>
      <DateClotureDpt>20-03-2011</DateClotureDpt>
      <HeureClotureDpt>22:17:44</HeureClotureDpt>
      <Clos>NON CLOS</Clos>
    </Dpt>
    <Dpt>
      <CodReg>26</CodReg>
      <CodReg3Car>026</CodReg3Car>
      <CodDpt>58</CodDpt>
      <CodDpt3Car>058</CodDpt3Car>
      <CodMinDpt>58</CodMinDpt>
      <LibDpt>NIEVRE</LibDpt>
      <DateClotureDpt>20-03-2011</DateClotureDpt>
      <HeureClotureDpt>22:43:32</HeureClotureDpt>
      <Clos>NON CLOS</Clos>
    </Dpt>
    <Dpt>
      <CodReg>31</CodReg>
      <CodReg3Car>031</CodReg3Car>
      <CodDpt>59</CodDpt>
      <CodDpt3Car>059</CodDpt3Car>
      <CodMinDpt>59</CodMinDpt>
      <LibDpt>NORD</LibDpt>
      <DateClotureDpt>20-03-2011</DateClotureDpt>
      <HeureClotureDpt>22:59:57</HeureClotureDpt>
      <Clos>NON CLOS</Clos>
    </Dpt>
    <Dpt>
      <CodReg>22</CodReg>
      <CodReg3Car>022</CodReg3Car>
      <CodDpt>60</CodDpt>
      <CodDpt3Car>060</CodDpt3Car>
      <CodMinDpt>60</CodMinDpt>
      <LibDpt>OISE</LibDpt>
      <DateClotureDpt>21-03-2011</DateClotureDpt>
      <HeureClotureDpt>00:01:03</HeureClotureDpt>
      <Clos>NON CLOS</Clos>
    </Dpt>
    <Dpt>
      <CodReg>25</CodReg>
      <CodReg3Car>025</CodReg3Car>
      <CodDpt>61</CodDpt>
      <CodDpt3Car>061</CodDpt3Car>
      <CodMinDpt>61</CodMinDpt>
      <LibDpt>ORNE</LibDpt>
      <DateClotureDpt>20-03-2011</DateClotureDpt>
      <HeureClotureDpt>22:45:25</HeureClotureDpt>
      <Clos>NON CLOS</Clos>
    </Dpt>
    <Dpt>
      <CodReg>31</CodReg>
      <CodReg3Car>031</CodReg3Car>
      <CodDpt>62</CodDpt>
      <CodDpt3Car>062</CodDpt3Car>
      <CodMinDpt>62</CodMinDpt>
      <LibDpt>PAS DE CALAIS</LibDpt>
      <DateClotureDpt>20-03-2011</DateClotureDpt>
      <HeureClotureDpt>23:54:05</HeureClotureDpt>
      <Clos>NON CLOS</Clos>
    </Dpt>
    <Dpt>
      <CodReg>83</CodReg>
      <CodReg3Car>083</CodReg3Car>
      <CodDpt>63</CodDpt>
      <CodDpt3Car>063</CodDpt3Car>
      <CodMinDpt>63</CodMinDpt>
      <LibDpt>PUY DE DOME</LibDpt>
      <DateClotureDpt>21-03-2011</DateClotureDpt>
      <HeureClotureDpt>16:57:37</HeureClotureDpt>
      <Clos>NON CLOS</Clos>
    </Dpt>
    <Dpt>
      <CodReg>72</CodReg>
      <CodReg3Car>072</CodReg3Car>
      <CodDpt>64</CodDpt>
      <CodDpt3Car>064</CodDpt3Car>
      <CodMinDpt>64</CodMinDpt>
      <LibDpt>PYRENEES ATLANTIQUES</LibDpt>
      <DateClotureDpt>20-03-2011</DateClotureDpt>
      <HeureClotureDpt>21:56:08</HeureClotureDpt>
      <Clos>NON CLOS</Clos>
    </Dpt>
    <Dpt>
      <CodReg>73</CodReg>
      <CodReg3Car>073</CodReg3Car>
      <CodDpt>65</CodDpt>
      <CodDpt3Car>065</CodDpt3Car>
      <CodMinDpt>65</CodMinDpt>
      <LibDpt>HAUTES PYRENEES</LibDpt>
      <DateClotureDpt>20-03-2011</DateClotureDpt>
      <HeureClotureDpt>20:48:44</HeureClotureDpt>
      <Clos>NON CLOS</Clos>
    </Dpt>
    <Dpt>
      <CodReg>91</CodReg>
      <CodReg3Car>091</CodReg3Car>
      <CodDpt>66</CodDpt>
      <CodDpt3Car>066</CodDpt3Car>
      <CodMinDpt>66</CodMinDpt>
      <LibDpt>PYRENEES ORIENTALES</LibDpt>
      <DateClotureDpt>20-03-2011</DateClotureDpt>
      <HeureClotureDpt>22:28:21</HeureClotureDpt>
      <Clos>NON CLOS</Clos>
    </Dpt>
    <Dpt>
      <CodReg>42</CodReg>
      <CodReg3Car>042</CodReg3Car>
      <CodDpt>67</CodDpt>
      <CodDpt3Car>067</CodDpt3Car>
      <CodMinDpt>67</CodMinDpt>
      <LibDpt>BAS RHIN</LibDpt>
      <DateClotureDpt>21-03-2011</DateClotureDpt>
      <HeureClotureDpt>00:11:05</HeureClotureDpt>
      <Clos>NON CLOS</Clos>
    </Dpt>
    <Dpt>
      <CodReg>42</CodReg>
      <CodReg3Car>042</CodReg3Car>
      <CodDpt>68</CodDpt>
      <CodDpt3Car>068</CodDpt3Car>
      <CodMinDpt>68</CodMinDpt>
      <LibDpt>HAUT RHIN</LibDpt>
      <DateClotureDpt>21-03-2011</DateClotureDpt>
      <HeureClotureDpt>00:16:06</HeureClotureDpt>
      <Clos>NON CLOS</Clos>
    </Dpt>
    <Dpt>
      <CodReg>82</CodReg>
      <CodReg3Car>082</CodReg3Car>
      <CodDpt>69</CodDpt>
      <CodDpt3Car>069</CodDpt3Car>
      <CodMinDpt>69</CodMinDpt>
      <LibDpt>RHONE</LibDpt>
      <DateClotureDpt>21-03-2011</DateClotureDpt>
      <HeureClotureDpt>00:27:17</HeureClotureDpt>
      <Clos>NON CLOS</Clos>
    </Dpt>
    <Dpt>
      <CodReg>43</CodReg>
      <CodReg3Car>043</CodReg3Car>
      <CodDpt>70</CodDpt>
      <CodDpt3Car>070</CodDpt3Car>
      <CodMinDpt>70</CodMinDpt>
      <LibDpt>HAUTE SAONE</LibDpt>
      <DateClotureDpt>20-03-2011</DateClotureDpt>
      <HeureClotureDpt>21:34:14</HeureClotureDpt>
      <Clos>NON CLOS</Clos>
    </Dpt>
    <Dpt>
      <CodReg>26</CodReg>
      <CodReg3Car>026</CodReg3Car>
      <CodDpt>71</CodDpt>
      <CodDpt3Car>071</CodDpt3Car>
      <CodMinDpt>71</CodMinDpt>
      <LibDpt>SAONE ET LOIRE</LibDpt>
      <DateClotureDpt>20-03-2011</DateClotureDpt>
      <HeureClotureDpt>22:09:26</HeureClotureDpt>
      <Clos>NON CLOS</Clos>
    </Dpt>
    <Dpt>
      <CodReg>52</CodReg>
      <CodReg3Car>052</CodReg3Car>
      <CodDpt>72</CodDpt>
      <CodDpt3Car>072</CodDpt3Car>
      <CodMinDpt>72</CodMinDpt>
      <LibDpt>SARTHE</LibDpt>
      <DateClotureDpt>21-03-2011</DateClotureDpt>
      <HeureClotureDpt>12:34:09</HeureClotureDpt>
      <Clos>NON CLOS</Clos>
    </Dpt>
    <Dpt>
      <CodReg>82</CodReg>
      <CodReg3Car>082</CodReg3Car>
      <CodDpt>73</CodDpt>
      <CodDpt3Car>073</CodDpt3Car>
      <CodMinDpt>73</CodMinDpt>
      <LibDpt>SAVOIE</LibDpt>
      <DateClotureDpt>21-03-2011</DateClotureDpt>
      <HeureClotureDpt>10:53:52</HeureClotureDpt>
      <Clos>NON CLOS</Clos>
    </Dpt>
    <Dpt>
      <CodReg>82</CodReg>
      <CodReg3Car>082</CodReg3Car>
      <CodDpt>74</CodDpt>
      <CodDpt3Car>074</CodDpt3Car>
      <CodMinDpt>74</CodMinDpt>
      <LibDpt>HAUTE SAVOIE</LibDpt>
      <DateClotureDpt>20-03-2011</DateClotureDpt>
      <HeureClotureDpt>23:32:27</HeureClotureDpt>
      <Clos>NON CLOS</Clos>
    </Dpt>
    <Dpt>
      <CodReg>23</CodReg>
      <CodReg3Car>023</CodReg3Car>
      <CodDpt>76</CodDpt>
      <CodDpt3Car>076</CodDpt3Car>
      <CodMinDpt>76</CodMinDpt>
      <LibDpt>SEINE MARITIME</LibDpt>
      <DateClotureDpt>20-03-2011</DateClotureDpt>
      <HeureClotureDpt>23:12:13</HeureClotureDpt>
      <Clos>NON CLOS</Clos>
    </Dpt>
    <Dpt>
      <CodReg>11</CodReg>
      <CodReg3Car>011</CodReg3Car>
      <CodDpt>77</CodDpt>
      <CodDpt3Car>077</CodDpt3Car>
      <CodMinDpt>77</CodMinDpt>
      <LibDpt>SEINE ET MARNE</LibDpt>
      <DateClotureDpt>20-03-2011</DateClotureDpt>
      <HeureClotureDpt>21:42:12</HeureClotureDpt>
      <Clos>NON CLOS</Clos>
    </Dpt>
    <Dpt>
      <CodReg>11</CodReg>
      <CodReg3Car>011</CodReg3Car>
      <CodDpt>78</CodDpt>
      <CodDpt3Car>078</CodDpt3Car>
      <CodMinDpt>78</CodMinDpt>
      <LibDpt>YVELINES</LibDpt>
      <DateClotureDpt>20-03-2011</DateClotureDpt>
      <HeureClotureDpt>23:24:21</HeureClotureDpt>
      <Clos>NON CLOS</Clos>
    </Dpt>
    <Dpt>
      <CodReg>54</CodReg>
      <CodReg3Car>054</CodReg3Car>
      <CodDpt>79</CodDpt>
      <CodDpt3Car>079</CodDpt3Car>
      <CodMinDpt>79</CodMinDpt>
      <LibDpt>DEUX SEVRES</LibDpt>
      <DateClotureDpt>20-03-2011</DateClotureDpt>
      <HeureClotureDpt>22:33:46</HeureClotureDpt>
      <Clos>NON CLOS</Clos>
    </Dpt>
    <Dpt>
      <CodReg>22</CodReg>
      <CodReg3Car>022</CodReg3Car>
      <CodDpt>80</CodDpt>
      <CodDpt3Car>080</CodDpt3Car>
      <CodMinDpt>80</CodMinDpt>
      <LibDpt>SOMME</LibDpt>
      <DateClotureDpt>21-03-2011</DateClotureDpt>
      <HeureClotureDpt>17:19:09</HeureClotureDpt>
      <Clos>NON CLOS</Clos>
    </Dpt>
    <Dpt>
      <CodReg>73</CodReg>
      <CodReg3Car>073</CodReg3Car>
      <CodDpt>81</CodDpt>
      <CodDpt3Car>081</CodDpt3Car>
      <CodMinDpt>81</CodMinDpt>
      <LibDpt>TARN</LibDpt>
      <DateClotureDpt>20-03-2011</DateClotureDpt>
      <HeureClotureDpt>21:33:04</HeureClotureDpt>
      <Clos>NON CLOS</Clos>
    </Dpt>
    <Dpt>
      <CodReg>73</CodReg>
      <CodReg3Car>073</CodReg3Car>
      <CodDpt>82</CodDpt>
      <CodDpt3Car>082</CodDpt3Car>
      <CodMinDpt>82</CodMinDpt>
      <LibDpt>TARN ET GARONNE</LibDpt>
      <DateClotureDpt>20-03-2011</DateClotureDpt>
      <HeureClotureDpt>21:33:14</HeureClotureDpt>
      <Clos>NON CLOS</Clos>
    </Dpt>
    <Dpt>
      <CodReg>93</CodReg>
      <CodReg3Car>093</CodReg3Car>
      <CodDpt>83</CodDpt>
      <CodDpt3Car>083</CodDpt3Car>
      <CodMinDpt>83</CodMinDpt>
      <LibDpt>VAR</LibDpt>
      <DateClotureDpt>21-03-2011</DateClotureDpt>
      <HeureClotureDpt>00:10:01</HeureClotureDpt>
      <Clos>NON CLOS</Clos>
    </Dpt>
    <Dpt>
      <CodReg>93</CodReg>
      <CodReg3Car>093</CodReg3Car>
      <CodDpt>84</CodDpt>
      <CodDpt3Car>084</CodDpt3Car>
      <CodMinDpt>84</CodMinDpt>
      <LibDpt>VAUCLUSE</LibDpt>
      <DateClotureDpt>21-03-2011</DateClotureDpt>
      <HeureClotureDpt>00:19:11</HeureClotureDpt>
      <Clos>NON CLOS</Clos>
    </Dpt>
    <Dpt>
      <CodReg>52</CodReg>
      <CodReg3Car>052</CodReg3Car>
      <CodDpt>85</CodDpt>
      <CodDpt3Car>085</CodDpt3Car>
      <CodMinDpt>85</CodMinDpt>
      <LibDpt>VENDEE</LibDpt>
      <DateClotureDpt>20-03-2011</DateClotureDpt>
      <HeureClotureDpt>21:26:26</HeureClotureDpt>
      <Clos>NON CLOS</Clos>
    </Dpt>
    <Dpt>
      <CodReg>54</CodReg>
      <CodReg3Car>054</CodReg3Car>
      <CodDpt>86</CodDpt>
      <CodDpt3Car>086</CodDpt3Car>
      <CodMinDpt>86</CodMinDpt>
      <LibDpt>VIENNE</LibDpt>
      <DateClotureDpt>20-03-2011</DateClotureDpt>
      <HeureClotureDpt>22:07:33</HeureClotureDpt>
      <Clos>NON CLOS</Clos>
    </Dpt>
    <Dpt>
      <CodReg>74</CodReg>
      <CodReg3Car>074</CodReg3Car>
      <CodDpt>87</CodDpt>
      <CodDpt3Car>087</CodDpt3Car>
      <CodMinDpt>87</CodMinDpt>
      <LibDpt>HAUTE VIENNE</LibDpt>
      <DateClotureDpt>20-03-2011</DateClotureDpt>
      <HeureClotureDpt>22:40:56</HeureClotureDpt>
      <Clos>NON CLOS</Clos>
    </Dpt>
    <Dpt>
      <CodReg>41</CodReg>
      <CodReg3Car>041</CodReg3Car>
      <CodDpt>88</CodDpt>
      <CodDpt3Car>088</CodDpt3Car>
      <CodMinDpt>88</CodMinDpt>
      <LibDpt>VOSGES</LibDpt>
      <DateClotureDpt>20-03-2011</DateClotureDpt>
      <HeureClotureDpt>20:58:08</HeureClotureDpt>
      <Clos>NON CLOS</Clos>
    </Dpt>
    <Dpt>
      <CodReg>26</CodReg>
      <CodReg3Car>026</CodReg3Car>
      <CodDpt>89</CodDpt>
      <CodDpt3Car>089</CodDpt3Car>
      <CodMinDpt>89</CodMinDpt>
      <LibDpt>YONNE</LibDpt>
      <DateClotureDpt>20-03-2011</DateClotureDpt>
      <HeureClotureDpt>21:25:57</HeureClotureDpt>
      <Clos>NON CLOS</Clos>
    </Dpt>
    <Dpt>
      <CodReg>43</CodReg>
      <CodReg3Car>043</CodReg3Car>
      <CodDpt>90</CodDpt>
      <CodDpt3Car>090</CodDpt3Car>
      <CodMinDpt>90</CodMinDpt>
      <LibDpt>TERRITOIRE DE BELFORT</LibDpt>
      <DateClotureDpt>20-03-2011</DateClotureDpt>
      <HeureClotureDpt>21:58:06</HeureClotureDpt>
      <Clos>NON CLOS</Clos>
    </Dpt>
    <Dpt>
      <CodReg>11</CodReg>
      <CodReg3Car>011</CodReg3Car>
      <CodDpt>91</CodDpt>
      <CodDpt3Car>091</CodDpt3Car>
      <CodMinDpt>91</CodMinDpt>
      <LibDpt>ESSONNE</LibDpt>
      <DateClotureDpt>21-03-2011</DateClotureDpt>
      <HeureClotureDpt>00:42:14</HeureClotureDpt>
      <Clos>NON CLOS</Clos>
    </Dpt>
    <Dpt>
      <CodReg>11</CodReg>
      <CodReg3Car>011</CodReg3Car>
      <CodDpt>92</CodDpt>
      <CodDpt3Car>092</CodDpt3Car>
      <CodMinDpt>92</CodMinDpt>
      <LibDpt>HAUTS DE SEINE</LibDpt>
      <DateClotureDpt>21-03-2011</DateClotureDpt>
      <HeureClotureDpt>01:19:24</HeureClotureDpt>
      <Clos>NON CLOS</Clos>
    </Dpt>
    <Dpt>
      <CodReg>11</CodReg>
      <CodReg3Car>011</CodReg3Car>
      <CodDpt>93</CodDpt>
      <CodDpt3Car>093</CodDpt3Car>
      <CodMinDpt>93</CodMinDpt>
      <LibDpt>SEINE SAINT-DENIS</LibDpt>
      <DateClotureDpt>21-03-2011</DateClotureDpt>
      <HeureClotureDpt>00:20:52</HeureClotureDpt>
      <Clos>NON CLOS</Clos>
    </Dpt>
    <Dpt>
      <CodReg>11</CodReg>
      <CodReg3Car>011</CodReg3Car>
      <CodDpt>94</CodDpt>
      <CodDpt3Car>094</CodDpt3Car>
      <CodMinDpt>94</CodMinDpt>
      <LibDpt>VAL DE MARNE</LibDpt>
      <DateClotureDpt>20-03-2011</DateClotureDpt>
      <HeureClotureDpt>23:10:32</HeureClotureDpt>
      <Clos>NON CLOS</Clos>
    </Dpt>
    <Dpt>
      <CodReg>11</CodReg>
      <CodReg3Car>011</CodReg3Car>
      <CodDpt>95</CodDpt>
      <CodDpt3Car>095</CodDpt3Car>
      <CodMinDpt>95</CodMinDpt>
      <LibDpt>VAL D'OISE</LibDpt>
      <DateClotureDpt>21-03-2011</DateClotureDpt>
      <HeureClotureDpt>11:37:29</HeureClotureDpt>
      <Clos>NON CLOS</Clos>
    </Dpt>
    <Dpt>
      <CodReg>01</CodReg>
      <CodReg3Car>001</CodReg3Car>
      <CodDpt>ZA</CodDpt>
      <CodDpt3Car>971</CodDpt3Car>
      <CodMinDpt>971</CodMinDpt>
      <LibDpt>GUADELOUPE</LibDpt>
      <DateClotureDpt>21-03-2011</DateClotureDpt>
      <HeureClotureDpt>03:20:03</HeureClotureDpt>
      <Clos>NON CLOS</Clos>
    </Dpt>
    <Dpt>
      <CodReg>02</CodReg>
      <CodReg3Car>002</CodReg3Car>
      <CodDpt>ZB</CodDpt>
      <CodDpt3Car>972</CodDpt3Car>
      <CodMinDpt>972</CodMinDpt>
      <LibDpt>MARTINIQUE</LibDpt>
      <DateClotureDpt>21-03-2011</DateClotureDpt>
      <HeureClotureDpt>04:45:34</HeureClotureDpt>
      <Clos>NON CLOS</Clos>
    </Dpt>
    <Dpt>
      <CodReg>03</CodReg>
      <CodReg3Car>003</CodReg3Car>
      <CodDpt>ZC</CodDpt>
      <CodDpt3Car>973</CodDpt3Car>
      <CodMinDpt>973</CodMinDpt>
      <LibDpt>GUYANE</LibDpt>
      <DateClotureDpt>21-03-2011</DateClotureDpt>
      <HeureClotureDpt>02:16:35</HeureClotureDpt>
      <Clos>NON CLOS</Clos>
    </Dpt>
    <Dpt>
      <CodReg>04</CodReg>
      <CodReg3Car>004</CodReg3Car>
      <CodDpt>ZD</CodDpt>
      <CodDpt3Car>974</CodDpt3Car>
      <CodMinDpt>974</CodMinDpt>
      <LibDpt>LA REUNION</LibDpt>
      <DateClotureDpt>21-03-2011</DateClotureDpt>
      <HeureClotureDpt>12:34:03</HeureClotureDpt>
      <Clos>NON CLOS</Clos>
    </Dpt>
    <Dpt>
      <CodDpt>ZM</CodDpt>
      <CodDpt3Car>976</CodDpt3Car>
      <CodMinDpt>976</CodMinDpt>
      <LibDpt>MAYOTTE</LibDpt>
      <DateClotureDpt>20-03-2011</DateClotureDpt>
      <HeureClotureDpt>21:52:47</HeureClotureDpt>
      <Clos>NON CLOS</Clos>
    </Dpt>
  </ListeDpt>
</Election>