﻿<?xml version="1.0" encoding="utf-8"?>
<Election>
  <Type>Présidentielle</Type>
  <NbrTour>2</NbrTour>
  <DateScrutin>
    <DateTour1>DIMANCHE 22 AVRIL 2007</DateTour1>
    <DateTour2>DIMANCHE 6 MAI 2007</DateTour2>
  </DateScrutin>
  <DateExtraction>10/05/2007</DateExtraction>
  <HeureExtraction>14:03</HeureExtraction>
  <Region>
    <CodReg>01</CodReg>
    <CodReg3Car>001</CodReg3Car>
    <LibReg>GUADELOUPE</LibReg>
    <Departement>
      <CodDpt>971</CodDpt>
      <CodDpt3Car>971</CodDpt3Car>
      <LibDpt>GUADELOUPE</LibDpt>
      <LienIdxLet1>
        <libelle>
          <CodDpt>971</CodDpt>
          <LibLigne1>Résultats par commune : </LibLigne1>
          <LibLigne2>Cliquez sur la lettre correspondant à l'initiale</LibLigne2>
          <Index>
            <IndexLet1>
              <LibIndex>A</LibIndex>
              <NomPageIndex>971a</NomPageIndex>
            </IndexLet1>
            <IndexLet1>
              <LibIndex>B</LibIndex>
              <NomPageIndex>971b</NomPageIndex>
            </IndexLet1>
            <IndexLet1>
              <LibIndex>C</LibIndex>
              <NomPageIndex>971c</NomPageIndex>
            </IndexLet1>
            <IndexLet1>
              <LibIndex>D</LibIndex>
              <NomPageIndex>971d</NomPageIndex>
            </IndexLet1>
            <IndexLet1>
              <LibIndex>G</LibIndex>
              <NomPageIndex>971g</NomPageIndex>
            </IndexLet1>
            <IndexLet1>
              <LibIndex>L</LibIndex>
              <NomPageIndex>971l</NomPageIndex>
            </IndexLet1>
            <IndexLet1>
              <LibIndex>M</LibIndex>
              <NomPageIndex>971m</NomPageIndex>
            </IndexLet1>
            <IndexLet1>
              <LibIndex>P</LibIndex>
              <NomPageIndex>971p</NomPageIndex>
            </IndexLet1>
            <IndexLet1>
              <LibIndex>S</LibIndex>
              <NomPageIndex>971s</NomPageIndex>
            </IndexLet1>
            <IndexLet1>
              <LibIndex>T</LibIndex>
              <NomPageIndex>971t</NomPageIndex>
            </IndexLet1>
            <IndexLet1>
              <LibIndex>V</LibIndex>
              <NomPageIndex>971v</NomPageIndex>
            </IndexLet1>
          </Index>
        </libelle>
      </LienIdxLet1>
      <Resultats>
        <Tour>
          <NumTour>2</NumTour>
          <Periode>
            <CodPeriod>PVoteT2</CodPeriod>
            <Mention>
              <Inscrit>
                <NbrIns>     303 222</NbrIns>
                <RapIns> 100,00</RapIns>
              </Inscrit>
              <Abstention>
                <NbrAbs>     104 685</NbrAbs>
                <RapAbs>  34,52</RapAbs>
              </Abstention>
              <Votant>
                <NbrVot>     198 537</NbrVot>
                <RapVot>  65,48</RapVot>
              </Votant>
              <Blanc>
                <NbrBla>           0</NbrBla>
                <RapBla>   0,00</RapBla>
              </Blanc>
              <Nul>
                <NbrNul>      10 640</NbrNul>
                <RapNul>   3,51</RapNul>
              </Nul>
              <BlancNul>
                <NbrBlaNul>      10 640</NbrBlaNul>
                <RapBlaNul>   5,36</RapBlaNul>
              </BlancNul>
              <Exprime>
                <NbrExp>     187 897</NbrExp>
                <RapExp>  94,64</RapExp>
              </Exprime>
            </Mention>
            <Liste>
              <Candidat>
                <Nom>SARKOZY</Nom>
                <Prenom>Nicolas</Prenom>
                <Civilite>M.</Civilite>
                <Voix>      92 387</Voix>
                <RapVoixExp>  49,17</RapVoixExp>
                <NumDepCand>12</NumDepCand>
                <NumPanneauCand>1</NumPanneauCand>
              </Candidat>
              <Candidat>
                <Nom>ROYAL</Nom>
                <Prenom>Ségolène</Prenom>
                <Civilite>Mme</Civilite>
                <Voix>      95 510</Voix>
                <RapVoixExp>  50,83</RapVoixExp>
                <NumDepCand>8</NumDepCand>
                <NumPanneauCand>2</NumPanneauCand>
              </Candidat>
            </Liste>
          </Periode>
          <Periode>
            <CodPeriod>SaisieResT2</CodPeriod>
            <Mention>
              <Inscrit>
                <NbrIns>     303 222</NbrIns>
                <RapIns> 100,00</RapIns>
              </Inscrit>
              <Abstention>
                <NbrAbs>     104 717</NbrAbs>
                <RapAbs>  34,53</RapAbs>
              </Abstention>
              <Votant>
                <NbrVot>     198 505</NbrVot>
                <RapVot>  65,47</RapVot>
              </Votant>
              <Blanc>
                <NbrBla>           0</NbrBla>
                <RapBla>   0,00</RapBla>
              </Blanc>
              <Nul>
                <NbrNul>      10 634</NbrNul>
                <RapNul>   3,51</RapNul>
              </Nul>
              <BlancNul>
                <NbrBlaNul>      10 634</NbrBlaNul>
                <RapBlaNul>   5,36</RapBlaNul>
              </BlancNul>
              <Exprime>
                <NbrExp>     187 871</NbrExp>
                <RapExp>  94,64</RapExp>
              </Exprime>
            </Mention>
            <Liste>
              <Candidat>
                <Nom>SARKOZY</Nom>
                <Prenom>Nicolas</Prenom>
                <Civilite>M.</Civilite>
                <Voix>      92 371</Voix>
                <RapVoixExp>  49,17</RapVoixExp>
                <NumDepCand>12</NumDepCand>
                <NumPanneauCand>1</NumPanneauCand>
              </Candidat>
              <Candidat>
                <Nom>ROYAL</Nom>
                <Prenom>Ségolène</Prenom>
                <Civilite>Mme</Civilite>
                <Voix>      95 500</Voix>
                <RapVoixExp>  50,83</RapVoixExp>
                <NumDepCand>8</NumDepCand>
                <NumPanneauCand>2</NumPanneauCand>
              </Candidat>
            </Liste>
          </Periode>
        </Tour>
        <Tour>
          <NumTour>1</NumTour>
          <Periode>
            <CodPeriod>PVoteT1</CodPeriod>
            <Mention>
              <Inscrit>
                <NbrIns>     303 311</NbrIns>
                <RapIns> 100,00</RapIns>
              </Inscrit>
              <Abstention>
                <NbrAbs>     123 946</NbrAbs>
                <RapAbs>  40,86</RapAbs>
              </Abstention>
              <Votant>
                <NbrVot>     179 365</NbrVot>
                <RapVot>  59,14</RapVot>
              </Votant>
              <Blanc>
                <NbrBla>           0</NbrBla>
                <RapBla>   0,00</RapBla>
              </Blanc>
              <Nul>
                <NbrNul>      11 477</NbrNul>
                <RapNul>   3,78</RapNul>
              </Nul>
              <BlancNul>
                <NbrBlaNul>      11 477</NbrBlaNul>
                <RapBlaNul>   6,40</RapBlaNul>
              </BlancNul>
              <Exprime>
                <NbrExp>     167 888</NbrExp>
                <RapExp>  93,60</RapExp>
              </Exprime>
            </Mention>
            <Liste>
              <Candidat>
                <Nom>BESANCENOT</Nom>
                <Prenom>Olivier</Prenom>
                <Civilite>M.</Civilite>
                <Voix>       4 276</Voix>
                <RapVoixExp>   2,55</RapVoixExp>
                <NumDepCand>1</NumDepCand>
                <NumPanneauCand>1</NumPanneauCand>
              </Candidat>
              <Candidat>
                <Nom>BUFFET</Nom>
                <Prenom>Marie-George</Prenom>
                <Civilite>Mme</Civilite>
                <Voix>       1 252</Voix>
                <RapVoixExp>   0,75</RapVoixExp>
                <NumDepCand>2</NumDepCand>
                <NumPanneauCand>2</NumPanneauCand>
              </Candidat>
              <Candidat>
                <Nom>SCHIVARDI</Nom>
                <Prenom>Gérard</Prenom>
                <Civilite>M.</Civilite>
                <Voix>         301</Voix>
                <RapVoixExp>   0,18</RapVoixExp>
                <NumDepCand>3</NumDepCand>
                <NumPanneauCand>3</NumPanneauCand>
              </Candidat>
              <Candidat>
                <Nom>BAYROU</Nom>
                <Prenom>François</Prenom>
                <Civilite>M.</Civilite>
                <Voix>      14 292</Voix>
                <RapVoixExp>   8,51</RapVoixExp>
                <NumDepCand>4</NumDepCand>
                <NumPanneauCand>4</NumPanneauCand>
              </Candidat>
              <Candidat>
                <Nom>BOVÉ</Nom>
                <Prenom>José</Prenom>
                <Civilite>M.</Civilite>
                <Voix>       1 560</Voix>
                <RapVoixExp>   0,93</RapVoixExp>
                <NumDepCand>5</NumDepCand>
                <NumPanneauCand>5</NumPanneauCand>
              </Candidat>
              <Candidat>
                <Nom>VOYNET</Nom>
                <Prenom>Dominique</Prenom>
                <Civilite>Mme</Civilite>
                <Voix>       2 036</Voix>
                <RapVoixExp>   1,21</RapVoixExp>
                <NumDepCand>6</NumDepCand>
                <NumPanneauCand>6</NumPanneauCand>
              </Candidat>
              <Candidat>
                <Nom>de VILLIERS</Nom>
                <Prenom>Philippe</Prenom>
                <Civilite>M.</Civilite>
                <Voix>         790</Voix>
                <RapVoixExp>   0,47</RapVoixExp>
                <NumDepCand>7</NumDepCand>
                <NumPanneauCand>7</NumPanneauCand>
              </Candidat>
              <Candidat>
                <Nom>ROYAL</Nom>
                <Prenom>Ségolène</Prenom>
                <Civilite>Mme</Civilite>
                <Voix>      64 261</Voix>
                <RapVoixExp>  38,28</RapVoixExp>
                <NumDepCand>8</NumDepCand>
                <NumPanneauCand>8</NumPanneauCand>
              </Candidat>
              <Candidat>
                <Nom>NIHOUS</Nom>
                <Prenom>Frédéric</Prenom>
                <Civilite>M.</Civilite>
                <Voix>         383</Voix>
                <RapVoixExp>   0,23</RapVoixExp>
                <NumDepCand>9</NumDepCand>
                <NumPanneauCand>9</NumPanneauCand>
              </Candidat>
              <Candidat>
                <Nom>LE PEN</Nom>
                <Prenom>Jean-Marie</Prenom>
                <Civilite>M.</Civilite>
                <Voix>       5 335</Voix>
                <RapVoixExp>   3,18</RapVoixExp>
                <NumDepCand>10</NumDepCand>
                <NumPanneauCand>10</NumPanneauCand>
              </Candidat>
              <Candidat>
                <Nom>LAGUILLER</Nom>
                <Prenom>Arlette</Prenom>
                <Civilite>Mme</Civilite>
                <Voix>       1 834</Voix>
                <RapVoixExp>   1,09</RapVoixExp>
                <NumDepCand>11</NumDepCand>
                <NumPanneauCand>11</NumPanneauCand>
              </Candidat>
              <Candidat>
                <Nom>SARKOZY</Nom>
                <Prenom>Nicolas</Prenom>
                <Civilite>M.</Civilite>
                <Voix>      71 568</Voix>
                <RapVoixExp>  42,63</RapVoixExp>
                <NumDepCand>12</NumDepCand>
                <NumPanneauCand>12</NumPanneauCand>
              </Candidat>
            </Liste>
          </Periode>
          <Periode>
            <CodPeriod>SaisieResT1</CodPeriod>
            <Mention>
              <Inscrit>
                <NbrIns>     303 218</NbrIns>
                <RapIns> 100,00</RapIns>
              </Inscrit>
              <Abstention>
                <NbrAbs>     123 844</NbrAbs>
                <RapAbs>  40,84</RapAbs>
              </Abstention>
              <Votant>
                <NbrVot>     179 374</NbrVot>
                <RapVot>  59,16</RapVot>
              </Votant>
              <Blanc>
                <NbrBla>           0</NbrBla>
                <RapBla>   0,00</RapBla>
              </Blanc>
              <Nul>
                <NbrNul>      11 481</NbrNul>
                <RapNul>   3,79</RapNul>
              </Nul>
              <BlancNul>
                <NbrBlaNul>      11 481</NbrBlaNul>
                <RapBlaNul>   6,40</RapBlaNul>
              </BlancNul>
              <Exprime>
                <NbrExp>     167 893</NbrExp>
                <RapExp>  93,60</RapExp>
              </Exprime>
            </Mention>
            <Liste>
              <Candidat>
                <Nom>BESANCENOT</Nom>
                <Prenom>Olivier</Prenom>
                <Civilite>M.</Civilite>
                <Voix>       4 276</Voix>
                <RapVoixExp>   2,55</RapVoixExp>
                <NumDepCand>1</NumDepCand>
                <NumPanneauCand>1</NumPanneauCand>
              </Candidat>
              <Candidat>
                <Nom>BUFFET</Nom>
                <Prenom>Marie-George</Prenom>
                <Civilite>Mme</Civilite>
                <Voix>       1 252</Voix>
                <RapVoixExp>   0,75</RapVoixExp>
                <NumDepCand>2</NumDepCand>
                <NumPanneauCand>2</NumPanneauCand>
              </Candidat>
              <Candidat>
                <Nom>SCHIVARDI</Nom>
                <Prenom>Gérard</Prenom>
                <Civilite>M.</Civilite>
                <Voix>         314</Voix>
                <RapVoixExp>   0,19</RapVoixExp>
                <NumDepCand>3</NumDepCand>
                <NumPanneauCand>3</NumPanneauCand>
              </Candidat>
              <Candidat>
                <Nom>BAYROU</Nom>
                <Prenom>François</Prenom>
                <Civilite>M.</Civilite>
                <Voix>      14 292</Voix>
                <RapVoixExp>   8,51</RapVoixExp>
                <NumDepCand>4</NumDepCand>
                <NumPanneauCand>4</NumPanneauCand>
              </Candidat>
              <Candidat>
                <Nom>BOVÉ</Nom>
                <Prenom>José</Prenom>
                <Civilite>M.</Civilite>
                <Voix>       1 560</Voix>
                <RapVoixExp>   0,93</RapVoixExp>
                <NumDepCand>5</NumDepCand>
                <NumPanneauCand>5</NumPanneauCand>
              </Candidat>
              <Candidat>
                <Nom>VOYNET</Nom>
                <Prenom>Dominique</Prenom>
                <Civilite>Mme</Civilite>
                <Voix>       2 036</Voix>
                <RapVoixExp>   1,21</RapVoixExp>
                <NumDepCand>6</NumDepCand>
                <NumPanneauCand>6</NumPanneauCand>
              </Candidat>
              <Candidat>
                <Nom>de VILLIERS</Nom>
                <Prenom>Philippe</Prenom>
                <Civilite>M.</Civilite>
                <Voix>         790</Voix>
                <RapVoixExp>   0,47</RapVoixExp>
                <NumDepCand>7</NumDepCand>
                <NumPanneauCand>7</NumPanneauCand>
              </Candidat>
              <Candidat>
                <Nom>ROYAL</Nom>
                <Prenom>Ségolène</Prenom>
                <Civilite>Mme</Civilite>
                <Voix>      64 261</Voix>
                <RapVoixExp>  38,27</RapVoixExp>
                <NumDepCand>8</NumDepCand>
                <NumPanneauCand>8</NumPanneauCand>
              </Candidat>
              <Candidat>
                <Nom>NIHOUS</Nom>
                <Prenom>Frédéric</Prenom>
                <Civilite>M.</Civilite>
                <Voix>         375</Voix>
                <RapVoixExp>   0,22</RapVoixExp>
                <NumDepCand>9</NumDepCand>
                <NumPanneauCand>9</NumPanneauCand>
              </Candidat>
              <Candidat>
                <Nom>LE PEN</Nom>
                <Prenom>Jean-Marie</Prenom>
                <Civilite>M.</Civilite>
                <Voix>       5 335</Voix>
                <RapVoixExp>   3,18</RapVoixExp>
                <NumDepCand>10</NumDepCand>
                <NumPanneauCand>10</NumPanneauCand>
              </Candidat>
              <Candidat>
                <Nom>LAGUILLER</Nom>
                <Prenom>Arlette</Prenom>
                <Civilite>Mme</Civilite>
                <Voix>       1 834</Voix>
                <RapVoixExp>   1,09</RapVoixExp>
                <NumDepCand>11</NumDepCand>
                <NumPanneauCand>11</NumPanneauCand>
              </Candidat>
              <Candidat>
                <Nom>SARKOZY</Nom>
                <Prenom>Nicolas</Prenom>
                <Civilite>M.</Civilite>
                <Voix>      71 568</Voix>
                <RapVoixExp>  42,63</RapVoixExp>
                <NumDepCand>12</NumDepCand>
                <NumPanneauCand>12</NumPanneauCand>
              </Candidat>
            </Liste>
          </Periode>
        </Tour>
      </Resultats>
    </Departement>
  </Region>
</Election>