﻿<?xml version="1.0" encoding="utf-8"?>
<Election>
  <Type>Présidentielle</Type>
  <NbrTour>2</NbrTour>
  <DateScrutin>
    <DateTour1>DIMANCHE 22 AVRIL 2007</DateTour1>
    <DateTour2>DIMANCHE 6 MAI 2007</DateTour2>
  </DateScrutin>
  <DateExtraction>10/05/2007</DateExtraction>
  <HeureExtraction>14:03</HeureExtraction>
  <Region>
    <CodReg>01</CodReg>
    <CodReg3Car>001</CodReg3Car>
    <LibReg>GUADELOUPE</LibReg>
    <Departement>
      <CodDpt>971</CodDpt>
      <CodDpt3Car>971</CodDpt3Car>
      <LibDpt>GUADELOUPE</LibDpt>
      <Communes>
        <CodSubCom>131</CodSubCom>
        <LibSubCom>Terre-de-Haut</LibSubCom>
        <LienIdxLet1>
          <libelle>
            <CodDpt>971</CodDpt>
            <LibLigne1>Résultats par commune : </LibLigne1>
            <LibLigne2>Cliquez sur la lettre correspondant à l'initiale</LibLigne2>
            <Index>
              <IndexLet1>
                <LibIndex>A</LibIndex>
                <NomPageIndex>971a</NomPageIndex>
              </IndexLet1>
              <IndexLet1>
                <LibIndex>B</LibIndex>
                <NomPageIndex>971b</NomPageIndex>
              </IndexLet1>
              <IndexLet1>
                <LibIndex>C</LibIndex>
                <NomPageIndex>971c</NomPageIndex>
              </IndexLet1>
              <IndexLet1>
                <LibIndex>D</LibIndex>
                <NomPageIndex>971d</NomPageIndex>
              </IndexLet1>
              <IndexLet1>
                <LibIndex>G</LibIndex>
                <NomPageIndex>971g</NomPageIndex>
              </IndexLet1>
              <IndexLet1>
                <LibIndex>L</LibIndex>
                <NomPageIndex>971l</NomPageIndex>
              </IndexLet1>
              <IndexLet1>
                <LibIndex>M</LibIndex>
                <NomPageIndex>971m</NomPageIndex>
              </IndexLet1>
              <IndexLet1>
                <LibIndex>P</LibIndex>
                <NomPageIndex>971p</NomPageIndex>
              </IndexLet1>
              <IndexLet1>
                <LibIndex>S</LibIndex>
                <NomPageIndex>971s</NomPageIndex>
              </IndexLet1>
              <IndexLet1>
                <LibIndex>T</LibIndex>
                <NomPageIndex>971t</NomPageIndex>
              </IndexLet1>
              <IndexLet1>
                <LibIndex>V</LibIndex>
                <NomPageIndex>971v</NomPageIndex>
              </IndexLet1>
            </Index>
          </libelle>
        </LienIdxLet1>
        <Resultats>
          <Tour>
            <NumTour>2</NumTour>
            <Periode>
              <CodPeriod>PVoteT2</CodPeriod>
              <Mention>
                <Inscrit>
                  <NbrIns>       1 661</NbrIns>
                  <RapIns> 100,00</RapIns>
                </Inscrit>
                <Abstention>
                  <NbrAbs>         478</NbrAbs>
                  <RapAbs>  28,78</RapAbs>
                </Abstention>
                <Votant>
                  <NbrVot>       1 183</NbrVot>
                  <RapVot>  71,22</RapVot>
                </Votant>
                <Blanc>
                  <NbrBla>           0</NbrBla>
                  <RapBla>   0,00</RapBla>
                </Blanc>
                <Nul>
                  <NbrNul>          22</NbrNul>
                  <RapNul>   1,32</RapNul>
                </Nul>
                <BlancNul>
                  <NbrBlaNul>          22</NbrBlaNul>
                  <RapBlaNul>   1,86</RapBlaNul>
                </BlancNul>
                <Exprime>
                  <NbrExp>       1 161</NbrExp>
                  <RapExp>  98,14</RapExp>
                </Exprime>
              </Mention>
              <Liste>
                <Candidat>
                  <Nom>SARKOZY</Nom>
                  <Prenom>Nicolas</Prenom>
                  <Civilite>M.</Civilite>
                  <Voix>         691</Voix>
                  <RapVoixExp>  59,52</RapVoixExp>
                  <NumDepCand>12</NumDepCand>
                  <NumPanneauCand>1</NumPanneauCand>
                </Candidat>
                <Candidat>
                  <Nom>ROYAL</Nom>
                  <Prenom>Ségolène</Prenom>
                  <Civilite>Mme</Civilite>
                  <Voix>         470</Voix>
                  <RapVoixExp>  40,48</RapVoixExp>
                  <NumDepCand>8</NumDepCand>
                  <NumPanneauCand>2</NumPanneauCand>
                </Candidat>
              </Liste>
            </Periode>
            <Periode>
              <CodPeriod>SaisieResT2</CodPeriod>
              <Mention>
                <Inscrit>
                  <NbrIns>       1 661</NbrIns>
                  <RapIns> 100,00</RapIns>
                </Inscrit>
                <Abstention>
                  <NbrAbs>         478</NbrAbs>
                  <RapAbs>  28,78</RapAbs>
                </Abstention>
                <Votant>
                  <NbrVot>       1 183</NbrVot>
                  <RapVot>  71,22</RapVot>
                </Votant>
                <Blanc>
                  <NbrBla>           0</NbrBla>
                  <RapBla>   0,00</RapBla>
                </Blanc>
                <Nul>
                  <NbrNul>          22</NbrNul>
                  <RapNul>   1,32</RapNul>
                </Nul>
                <BlancNul>
                  <NbrBlaNul>          22</NbrBlaNul>
                  <RapBlaNul>   1,86</RapBlaNul>
                </BlancNul>
                <Exprime>
                  <NbrExp>       1 161</NbrExp>
                  <RapExp>  98,14</RapExp>
                </Exprime>
              </Mention>
              <Liste>
                <Candidat>
                  <Nom>SARKOZY</Nom>
                  <Prenom>Nicolas</Prenom>
                  <Civilite>M.</Civilite>
                  <Voix>         691</Voix>
                  <RapVoixExp>  59,52</RapVoixExp>
                  <NumDepCand>12</NumDepCand>
                  <NumPanneauCand>1</NumPanneauCand>
                </Candidat>
                <Candidat>
                  <Nom>ROYAL</Nom>
                  <Prenom>Ségolène</Prenom>
                  <Civilite>Mme</Civilite>
                  <Voix>         470</Voix>
                  <RapVoixExp>  40,48</RapVoixExp>
                  <NumDepCand>8</NumDepCand>
                  <NumPanneauCand>2</NumPanneauCand>
                </Candidat>
              </Liste>
            </Periode>
          </Tour>
          <Tour>
            <NumTour>1</NumTour>
            <Periode>
              <CodPeriod>PVoteT1</CodPeriod>
              <Mention>
                <Inscrit>
                  <NbrIns>       1 661</NbrIns>
                  <RapIns> 100,00</RapIns>
                </Inscrit>
                <Abstention>
                  <NbrAbs>         731</NbrAbs>
                  <RapAbs>  44,01</RapAbs>
                </Abstention>
                <Votant>
                  <NbrVot>         930</NbrVot>
                  <RapVot>  55,99</RapVot>
                </Votant>
                <Blanc>
                  <NbrBla>           0</NbrBla>
                  <RapBla>   0,00</RapBla>
                </Blanc>
                <Nul>
                  <NbrNul>          11</NbrNul>
                  <RapNul>   0,66</RapNul>
                </Nul>
                <BlancNul>
                  <NbrBlaNul>          11</NbrBlaNul>
                  <RapBlaNul>   1,18</RapBlaNul>
                </BlancNul>
                <Exprime>
                  <NbrExp>         919</NbrExp>
                  <RapExp>  98,82</RapExp>
                </Exprime>
              </Mention>
              <Liste>
                <Candidat>
                  <Nom>BESANCENOT</Nom>
                  <Prenom>Olivier</Prenom>
                  <Civilite>M.</Civilite>
                  <Voix>          14</Voix>
                  <RapVoixExp>   1,52</RapVoixExp>
                  <NumDepCand>1</NumDepCand>
                  <NumPanneauCand>1</NumPanneauCand>
                </Candidat>
                <Candidat>
                  <Nom>BUFFET</Nom>
                  <Prenom>Marie-George</Prenom>
                  <Civilite>Mme</Civilite>
                  <Voix>           3</Voix>
                  <RapVoixExp>   0,33</RapVoixExp>
                  <NumDepCand>2</NumDepCand>
                  <NumPanneauCand>2</NumPanneauCand>
                </Candidat>
                <Candidat>
                  <Nom>SCHIVARDI</Nom>
                  <Prenom>Gérard</Prenom>
                  <Civilite>M.</Civilite>
                  <Voix>           2</Voix>
                  <RapVoixExp>   0,22</RapVoixExp>
                  <NumDepCand>3</NumDepCand>
                  <NumPanneauCand>3</NumPanneauCand>
                </Candidat>
                <Candidat>
                  <Nom>BAYROU</Nom>
                  <Prenom>François</Prenom>
                  <Civilite>M.</Civilite>
                  <Voix>          63</Voix>
                  <RapVoixExp>   6,86</RapVoixExp>
                  <NumDepCand>4</NumDepCand>
                  <NumPanneauCand>4</NumPanneauCand>
                </Candidat>
                <Candidat>
                  <Nom>BOVÉ</Nom>
                  <Prenom>José</Prenom>
                  <Civilite>M.</Civilite>
                  <Voix>           7</Voix>
                  <RapVoixExp>   0,76</RapVoixExp>
                  <NumDepCand>5</NumDepCand>
                  <NumPanneauCand>5</NumPanneauCand>
                </Candidat>
                <Candidat>
                  <Nom>VOYNET</Nom>
                  <Prenom>Dominique</Prenom>
                  <Civilite>Mme</Civilite>
                  <Voix>          15</Voix>
                  <RapVoixExp>   1,63</RapVoixExp>
                  <NumDepCand>6</NumDepCand>
                  <NumPanneauCand>6</NumPanneauCand>
                </Candidat>
                <Candidat>
                  <Nom>de VILLIERS</Nom>
                  <Prenom>Philippe</Prenom>
                  <Civilite>M.</Civilite>
                  <Voix>           3</Voix>
                  <RapVoixExp>   0,33</RapVoixExp>
                  <NumDepCand>7</NumDepCand>
                  <NumPanneauCand>7</NumPanneauCand>
                </Candidat>
                <Candidat>
                  <Nom>ROYAL</Nom>
                  <Prenom>Ségolène</Prenom>
                  <Civilite>Mme</Civilite>
                  <Voix>         276</Voix>
                  <RapVoixExp>  30,03</RapVoixExp>
                  <NumDepCand>8</NumDepCand>
                  <NumPanneauCand>8</NumPanneauCand>
                </Candidat>
                <Candidat>
                  <Nom>NIHOUS</Nom>
                  <Prenom>Frédéric</Prenom>
                  <Civilite>M.</Civilite>
                  <Voix>           0</Voix>
                  <RapVoixExp>   0,00</RapVoixExp>
                  <NumDepCand>9</NumDepCand>
                  <NumPanneauCand>9</NumPanneauCand>
                </Candidat>
                <Candidat>
                  <Nom>LE PEN</Nom>
                  <Prenom>Jean-Marie</Prenom>
                  <Civilite>M.</Civilite>
                  <Voix>          25</Voix>
                  <RapVoixExp>   2,72</RapVoixExp>
                  <NumDepCand>10</NumDepCand>
                  <NumPanneauCand>10</NumPanneauCand>
                </Candidat>
                <Candidat>
                  <Nom>LAGUILLER</Nom>
                  <Prenom>Arlette</Prenom>
                  <Civilite>Mme</Civilite>
                  <Voix>           6</Voix>
                  <RapVoixExp>   0,65</RapVoixExp>
                  <NumDepCand>11</NumDepCand>
                  <NumPanneauCand>11</NumPanneauCand>
                </Candidat>
                <Candidat>
                  <Nom>SARKOZY</Nom>
                  <Prenom>Nicolas</Prenom>
                  <Civilite>M.</Civilite>
                  <Voix>         505</Voix>
                  <RapVoixExp>  54,95</RapVoixExp>
                  <NumDepCand>12</NumDepCand>
                  <NumPanneauCand>12</NumPanneauCand>
                </Candidat>
              </Liste>
            </Periode>
            <Periode>
              <CodPeriod>SaisieResT1</CodPeriod>
              <Mention>
                <Inscrit>
                  <NbrIns>       1 661</NbrIns>
                  <RapIns> 100,00</RapIns>
                </Inscrit>
                <Abstention>
                  <NbrAbs>         731</NbrAbs>
                  <RapAbs>  44,01</RapAbs>
                </Abstention>
                <Votant>
                  <NbrVot>         930</NbrVot>
                  <RapVot>  55,99</RapVot>
                </Votant>
                <Blanc>
                  <NbrBla>           0</NbrBla>
                  <RapBla>   0,00</RapBla>
                </Blanc>
                <Nul>
                  <NbrNul>          11</NbrNul>
                  <RapNul>   0,66</RapNul>
                </Nul>
                <BlancNul>
                  <NbrBlaNul>          11</NbrBlaNul>
                  <RapBlaNul>   1,18</RapBlaNul>
                </BlancNul>
                <Exprime>
                  <NbrExp>         919</NbrExp>
                  <RapExp>  98,82</RapExp>
                </Exprime>
              </Mention>
              <Liste>
                <Candidat>
                  <Nom>BESANCENOT</Nom>
                  <Prenom>Olivier</Prenom>
                  <Civilite>M.</Civilite>
                  <Voix>          14</Voix>
                  <RapVoixExp>   1,52</RapVoixExp>
                  <NumDepCand>1</NumDepCand>
                  <NumPanneauCand>1</NumPanneauCand>
                </Candidat>
                <Candidat>
                  <Nom>BUFFET</Nom>
                  <Prenom>Marie-George</Prenom>
                  <Civilite>Mme</Civilite>
                  <Voix>           3</Voix>
                  <RapVoixExp>   0,33</RapVoixExp>
                  <NumDepCand>2</NumDepCand>
                  <NumPanneauCand>2</NumPanneauCand>
                </Candidat>
                <Candidat>
                  <Nom>SCHIVARDI</Nom>
                  <Prenom>Gérard</Prenom>
                  <Civilite>M.</Civilite>
                  <Voix>           2</Voix>
                  <RapVoixExp>   0,22</RapVoixExp>
                  <NumDepCand>3</NumDepCand>
                  <NumPanneauCand>3</NumPanneauCand>
                </Candidat>
                <Candidat>
                  <Nom>BAYROU</Nom>
                  <Prenom>François</Prenom>
                  <Civilite>M.</Civilite>
                  <Voix>          63</Voix>
                  <RapVoixExp>   6,86</RapVoixExp>
                  <NumDepCand>4</NumDepCand>
                  <NumPanneauCand>4</NumPanneauCand>
                </Candidat>
                <Candidat>
                  <Nom>BOVÉ</Nom>
                  <Prenom>José</Prenom>
                  <Civilite>M.</Civilite>
                  <Voix>           7</Voix>
                  <RapVoixExp>   0,76</RapVoixExp>
                  <NumDepCand>5</NumDepCand>
                  <NumPanneauCand>5</NumPanneauCand>
                </Candidat>
                <Candidat>
                  <Nom>VOYNET</Nom>
                  <Prenom>Dominique</Prenom>
                  <Civilite>Mme</Civilite>
                  <Voix>          15</Voix>
                  <RapVoixExp>   1,63</RapVoixExp>
                  <NumDepCand>6</NumDepCand>
                  <NumPanneauCand>6</NumPanneauCand>
                </Candidat>
                <Candidat>
                  <Nom>de VILLIERS</Nom>
                  <Prenom>Philippe</Prenom>
                  <Civilite>M.</Civilite>
                  <Voix>           3</Voix>
                  <RapVoixExp>   0,33</RapVoixExp>
                  <NumDepCand>7</NumDepCand>
                  <NumPanneauCand>7</NumPanneauCand>
                </Candidat>
                <Candidat>
                  <Nom>ROYAL</Nom>
                  <Prenom>Ségolène</Prenom>
                  <Civilite>Mme</Civilite>
                  <Voix>         276</Voix>
                  <RapVoixExp>  30,03</RapVoixExp>
                  <NumDepCand>8</NumDepCand>
                  <NumPanneauCand>8</NumPanneauCand>
                </Candidat>
                <Candidat>
                  <Nom>NIHOUS</Nom>
                  <Prenom>Frédéric</Prenom>
                  <Civilite>M.</Civilite>
                  <Voix>           0</Voix>
                  <RapVoixExp>   0,00</RapVoixExp>
                  <NumDepCand>9</NumDepCand>
                  <NumPanneauCand>9</NumPanneauCand>
                </Candidat>
                <Candidat>
                  <Nom>LE PEN</Nom>
                  <Prenom>Jean-Marie</Prenom>
                  <Civilite>M.</Civilite>
                  <Voix>          25</Voix>
                  <RapVoixExp>   2,72</RapVoixExp>
                  <NumDepCand>10</NumDepCand>
                  <NumPanneauCand>10</NumPanneauCand>
                </Candidat>
                <Candidat>
                  <Nom>LAGUILLER</Nom>
                  <Prenom>Arlette</Prenom>
                  <Civilite>Mme</Civilite>
                  <Voix>           6</Voix>
                  <RapVoixExp>   0,65</RapVoixExp>
                  <NumDepCand>11</NumDepCand>
                  <NumPanneauCand>11</NumPanneauCand>
                </Candidat>
                <Candidat>
                  <Nom>SARKOZY</Nom>
                  <Prenom>Nicolas</Prenom>
                  <Civilite>M.</Civilite>
                  <Voix>         505</Voix>
                  <RapVoixExp>  54,95</RapVoixExp>
                  <NumDepCand>12</NumDepCand>
                  <NumPanneauCand>12</NumPanneauCand>
                </Candidat>
              </Liste>
            </Periode>
          </Tour>
        </Resultats>
      </Communes>
    </Departement>
  </Region>
</Election>