﻿<?xml version="1.0" encoding="utf-8"?>
<Election>
  <Type>Présidentielle</Type>
  <NbrTour>2</NbrTour>
  <DateScrutin>
    <DateTour1>DIMANCHE 22 AVRIL 2007</DateTour1>
    <DateTour2>DIMANCHE 6 MAI 2007</DateTour2>
  </DateScrutin>
  <DateExtraction>10/05/2007</DateExtraction>
  <HeureExtraction>13:44</HeureExtraction>
  <Region>
    <CodReg>11</CodReg>
    <CodReg3Car>011</CodReg3Car>
    <LibReg>ILE DE FRANCE</LibReg>
    <Departement>
      <CodDpt>77</CodDpt>
      <CodDpt3Car>077</CodDpt3Car>
      <LibDpt>SEINE ET MARNE</LibDpt>
      <Communes>
        <CodSubCom>099</CodSubCom>
        <LibSubCom>Château-Landon</LibSubCom>
        <LienIdxLet1>
          <libelle>
            <CodDpt>77</CodDpt>
            <LibLigne1>Résultats par commune : </LibLigne1>
            <LibLigne2>Cliquez sur la lettre correspondant à l'initiale</LibLigne2>
            <Index>
              <IndexLet1>
                <LibIndex>A</LibIndex>
                <NomPageIndex>077a</NomPageIndex>
              </IndexLet1>
              <IndexLet1>
                <LibIndex>B</LibIndex>
                <NomPageIndex>077b</NomPageIndex>
              </IndexLet1>
              <IndexLet1>
                <LibIndex>C</LibIndex>
                <NomPageIndex>077c</NomPageIndex>
              </IndexLet1>
              <IndexLet1>
                <LibIndex>D</LibIndex>
                <NomPageIndex>077d</NomPageIndex>
              </IndexLet1>
              <IndexLet1>
                <LibIndex>E</LibIndex>
                <NomPageIndex>077e</NomPageIndex>
              </IndexLet1>
              <IndexLet1>
                <LibIndex>F</LibIndex>
                <NomPageIndex>077f</NomPageIndex>
              </IndexLet1>
              <IndexLet1>
                <LibIndex>G</LibIndex>
                <NomPageIndex>077g</NomPageIndex>
              </IndexLet1>
              <IndexLet1>
                <LibIndex>H</LibIndex>
                <NomPageIndex>077h</NomPageIndex>
              </IndexLet1>
              <IndexLet1>
                <LibIndex>I</LibIndex>
                <NomPageIndex>077i</NomPageIndex>
              </IndexLet1>
              <IndexLet1>
                <LibIndex>J</LibIndex>
                <NomPageIndex>077j</NomPageIndex>
              </IndexLet1>
              <IndexLet1>
                <LibIndex>L</LibIndex>
                <NomPageIndex>077l</NomPageIndex>
              </IndexLet1>
              <IndexLet1>
                <LibIndex>M</LibIndex>
                <NomPageIndex>077m</NomPageIndex>
              </IndexLet1>
              <IndexLet1>
                <LibIndex>N</LibIndex>
                <NomPageIndex>077n</NomPageIndex>
              </IndexLet1>
              <IndexLet1>
                <LibIndex>O</LibIndex>
                <NomPageIndex>077o</NomPageIndex>
              </IndexLet1>
              <IndexLet1>
                <LibIndex>P</LibIndex>
                <NomPageIndex>077p</NomPageIndex>
              </IndexLet1>
              <IndexLet1>
                <LibIndex>Q</LibIndex>
                <NomPageIndex>077q</NomPageIndex>
              </IndexLet1>
              <IndexLet1>
                <LibIndex>R</LibIndex>
                <NomPageIndex>077r</NomPageIndex>
              </IndexLet1>
              <IndexLet1>
                <LibIndex>S</LibIndex>
                <NomPageIndex>077s</NomPageIndex>
              </IndexLet1>
              <IndexLet1>
                <LibIndex>T</LibIndex>
                <NomPageIndex>077t</NomPageIndex>
              </IndexLet1>
              <IndexLet1>
                <LibIndex>U</LibIndex>
                <NomPageIndex>077u</NomPageIndex>
              </IndexLet1>
              <IndexLet1>
                <LibIndex>V</LibIndex>
                <NomPageIndex>077v</NomPageIndex>
              </IndexLet1>
              <IndexLet1>
                <LibIndex>Y</LibIndex>
                <NomPageIndex>077y</NomPageIndex>
              </IndexLet1>
            </Index>
          </libelle>
        </LienIdxLet1>
        <Resultats>
          <Tour>
            <NumTour>2</NumTour>
            <Periode>
              <CodPeriod>PVoteT2</CodPeriod>
              <Mention>
                <Inscrit>
                  <NbrIns>       2 113</NbrIns>
                  <RapIns> 100,00</RapIns>
                </Inscrit>
                <Abstention>
                  <NbrAbs>         413</NbrAbs>
                  <RapAbs>  19,55</RapAbs>
                </Abstention>
                <Votant>
                  <NbrVot>       1 700</NbrVot>
                  <RapVot>  80,45</RapVot>
                </Votant>
                <Blanc>
                  <NbrBla>           0</NbrBla>
                  <RapBla>   0,00</RapBla>
                </Blanc>
                <Nul>
                  <NbrNul>          82</NbrNul>
                  <RapNul>   3,88</RapNul>
                </Nul>
                <BlancNul>
                  <NbrBlaNul>          82</NbrBlaNul>
                  <RapBlaNul>   4,82</RapBlaNul>
                </BlancNul>
                <Exprime>
                  <NbrExp>       1 618</NbrExp>
                  <RapExp>  95,18</RapExp>
                </Exprime>
              </Mention>
              <Liste>
                <Candidat>
                  <Nom>SARKOZY</Nom>
                  <Prenom>Nicolas</Prenom>
                  <Civilite>M.</Civilite>
                  <Voix>         985</Voix>
                  <RapVoixExp>  60,88</RapVoixExp>
                  <NumDepCand>12</NumDepCand>
                  <NumPanneauCand>1</NumPanneauCand>
                </Candidat>
                <Candidat>
                  <Nom>ROYAL</Nom>
                  <Prenom>Ségolène</Prenom>
                  <Civilite>Mme</Civilite>
                  <Voix>         633</Voix>
                  <RapVoixExp>  39,12</RapVoixExp>
                  <NumDepCand>8</NumDepCand>
                  <NumPanneauCand>2</NumPanneauCand>
                </Candidat>
              </Liste>
            </Periode>
            <Periode>
              <CodPeriod>SaisieResT2</CodPeriod>
              <Mention>
                <Inscrit>
                  <NbrIns>       2 113</NbrIns>
                  <RapIns> 100,00</RapIns>
                </Inscrit>
                <Abstention>
                  <NbrAbs>         353</NbrAbs>
                  <RapAbs>  16,71</RapAbs>
                </Abstention>
                <Votant>
                  <NbrVot>       1 760</NbrVot>
                  <RapVot>  83,29</RapVot>
                </Votant>
                <Blanc>
                  <NbrBla>           0</NbrBla>
                  <RapBla>   0,00</RapBla>
                </Blanc>
                <Nul>
                  <NbrNul>         142</NbrNul>
                  <RapNul>   6,72</RapNul>
                </Nul>
                <BlancNul>
                  <NbrBlaNul>         142</NbrBlaNul>
                  <RapBlaNul>   8,07</RapBlaNul>
                </BlancNul>
                <Exprime>
                  <NbrExp>       1 618</NbrExp>
                  <RapExp>  91,93</RapExp>
                </Exprime>
              </Mention>
              <Liste>
                <Candidat>
                  <Nom>SARKOZY</Nom>
                  <Prenom>Nicolas</Prenom>
                  <Civilite>M.</Civilite>
                  <Voix>         985</Voix>
                  <RapVoixExp>  60,88</RapVoixExp>
                  <NumDepCand>12</NumDepCand>
                  <NumPanneauCand>1</NumPanneauCand>
                </Candidat>
                <Candidat>
                  <Nom>ROYAL</Nom>
                  <Prenom>Ségolène</Prenom>
                  <Civilite>Mme</Civilite>
                  <Voix>         633</Voix>
                  <RapVoixExp>  39,12</RapVoixExp>
                  <NumDepCand>8</NumDepCand>
                  <NumPanneauCand>2</NumPanneauCand>
                </Candidat>
              </Liste>
            </Periode>
          </Tour>
          <Tour>
            <NumTour>1</NumTour>
            <Periode>
              <CodPeriod>PVoteT1</CodPeriod>
              <Mention>
                <Inscrit>
                  <NbrIns>       2 113</NbrIns>
                  <RapIns> 100,00</RapIns>
                </Inscrit>
                <Abstention>
                  <NbrAbs>         396</NbrAbs>
                  <RapAbs>  18,74</RapAbs>
                </Abstention>
                <Votant>
                  <NbrVot>       1 717</NbrVot>
                  <RapVot>  81,26</RapVot>
                </Votant>
                <Blanc>
                  <NbrBla>           0</NbrBla>
                  <RapBla>   0,00</RapBla>
                </Blanc>
                <Nul>
                  <NbrNul>          19</NbrNul>
                  <RapNul>   0,90</RapNul>
                </Nul>
                <BlancNul>
                  <NbrBlaNul>          19</NbrBlaNul>
                  <RapBlaNul>   1,11</RapBlaNul>
                </BlancNul>
                <Exprime>
                  <NbrExp>       1 698</NbrExp>
                  <RapExp>  98,89</RapExp>
                </Exprime>
              </Mention>
              <Liste>
                <Candidat>
                  <Nom>BESANCENOT</Nom>
                  <Prenom>Olivier</Prenom>
                  <Civilite>M.</Civilite>
                  <Voix>          75</Voix>
                  <RapVoixExp>   4,42</RapVoixExp>
                  <NumDepCand>1</NumDepCand>
                  <NumPanneauCand>1</NumPanneauCand>
                </Candidat>
                <Candidat>
                  <Nom>BUFFET</Nom>
                  <Prenom>Marie-George</Prenom>
                  <Civilite>Mme</Civilite>
                  <Voix>          21</Voix>
                  <RapVoixExp>   1,24</RapVoixExp>
                  <NumDepCand>2</NumDepCand>
                  <NumPanneauCand>2</NumPanneauCand>
                </Candidat>
                <Candidat>
                  <Nom>SCHIVARDI</Nom>
                  <Prenom>Gérard</Prenom>
                  <Civilite>M.</Civilite>
                  <Voix>           7</Voix>
                  <RapVoixExp>   0,41</RapVoixExp>
                  <NumDepCand>3</NumDepCand>
                  <NumPanneauCand>3</NumPanneauCand>
                </Candidat>
                <Candidat>
                  <Nom>BAYROU</Nom>
                  <Prenom>François</Prenom>
                  <Civilite>M.</Civilite>
                  <Voix>         288</Voix>
                  <RapVoixExp>  16,96</RapVoixExp>
                  <NumDepCand>4</NumDepCand>
                  <NumPanneauCand>4</NumPanneauCand>
                </Candidat>
                <Candidat>
                  <Nom>BOVÉ</Nom>
                  <Prenom>José</Prenom>
                  <Civilite>M.</Civilite>
                  <Voix>          18</Voix>
                  <RapVoixExp>   1,06</RapVoixExp>
                  <NumDepCand>5</NumDepCand>
                  <NumPanneauCand>5</NumPanneauCand>
                </Candidat>
                <Candidat>
                  <Nom>VOYNET</Nom>
                  <Prenom>Dominique</Prenom>
                  <Civilite>Mme</Civilite>
                  <Voix>          35</Voix>
                  <RapVoixExp>   2,06</RapVoixExp>
                  <NumDepCand>6</NumDepCand>
                  <NumPanneauCand>6</NumPanneauCand>
                </Candidat>
                <Candidat>
                  <Nom>de VILLIERS</Nom>
                  <Prenom>Philippe</Prenom>
                  <Civilite>M.</Civilite>
                  <Voix>          58</Voix>
                  <RapVoixExp>   3,42</RapVoixExp>
                  <NumDepCand>7</NumDepCand>
                  <NumPanneauCand>7</NumPanneauCand>
                </Candidat>
                <Candidat>
                  <Nom>ROYAL</Nom>
                  <Prenom>Ségolène</Prenom>
                  <Civilite>Mme</Civilite>
                  <Voix>         332</Voix>
                  <RapVoixExp>  19,55</RapVoixExp>
                  <NumDepCand>8</NumDepCand>
                  <NumPanneauCand>8</NumPanneauCand>
                </Candidat>
                <Candidat>
                  <Nom>NIHOUS</Nom>
                  <Prenom>Frédéric</Prenom>
                  <Civilite>M.</Civilite>
                  <Voix>          23</Voix>
                  <RapVoixExp>   1,35</RapVoixExp>
                  <NumDepCand>9</NumDepCand>
                  <NumPanneauCand>9</NumPanneauCand>
                </Candidat>
                <Candidat>
                  <Nom>LE PEN</Nom>
                  <Prenom>Jean-Marie</Prenom>
                  <Civilite>M.</Civilite>
                  <Voix>         228</Voix>
                  <RapVoixExp>  13,43</RapVoixExp>
                  <NumDepCand>10</NumDepCand>
                  <NumPanneauCand>10</NumPanneauCand>
                </Candidat>
                <Candidat>
                  <Nom>LAGUILLER</Nom>
                  <Prenom>Arlette</Prenom>
                  <Civilite>Mme</Civilite>
                  <Voix>          26</Voix>
                  <RapVoixExp>   1,53</RapVoixExp>
                  <NumDepCand>11</NumDepCand>
                  <NumPanneauCand>11</NumPanneauCand>
                </Candidat>
                <Candidat>
                  <Nom>SARKOZY</Nom>
                  <Prenom>Nicolas</Prenom>
                  <Civilite>M.</Civilite>
                  <Voix>         587</Voix>
                  <RapVoixExp>  34,57</RapVoixExp>
                  <NumDepCand>12</NumDepCand>
                  <NumPanneauCand>12</NumPanneauCand>
                </Candidat>
              </Liste>
            </Periode>
            <Periode>
              <CodPeriod>SaisieResT1</CodPeriod>
              <Mention>
                <Inscrit>
                  <NbrIns>       2 113</NbrIns>
                  <RapIns> 100,00</RapIns>
                </Inscrit>
                <Abstention>
                  <NbrAbs>         396</NbrAbs>
                  <RapAbs>  18,74</RapAbs>
                </Abstention>
                <Votant>
                  <NbrVot>       1 717</NbrVot>
                  <RapVot>  81,26</RapVot>
                </Votant>
                <Blanc>
                  <NbrBla>           0</NbrBla>
                  <RapBla>   0,00</RapBla>
                </Blanc>
                <Nul>
                  <NbrNul>          19</NbrNul>
                  <RapNul>   0,90</RapNul>
                </Nul>
                <BlancNul>
                  <NbrBlaNul>          19</NbrBlaNul>
                  <RapBlaNul>   1,11</RapBlaNul>
                </BlancNul>
                <Exprime>
                  <NbrExp>       1 698</NbrExp>
                  <RapExp>  98,89</RapExp>
                </Exprime>
              </Mention>
              <Liste>
                <Candidat>
                  <Nom>BESANCENOT</Nom>
                  <Prenom>Olivier</Prenom>
                  <Civilite>M.</Civilite>
                  <Voix>          75</Voix>
                  <RapVoixExp>   4,42</RapVoixExp>
                  <NumDepCand>1</NumDepCand>
                  <NumPanneauCand>1</NumPanneauCand>
                </Candidat>
                <Candidat>
                  <Nom>BUFFET</Nom>
                  <Prenom>Marie-George</Prenom>
                  <Civilite>Mme</Civilite>
                  <Voix>          21</Voix>
                  <RapVoixExp>   1,24</RapVoixExp>
                  <NumDepCand>2</NumDepCand>
                  <NumPanneauCand>2</NumPanneauCand>
                </Candidat>
                <Candidat>
                  <Nom>SCHIVARDI</Nom>
                  <Prenom>Gérard</Prenom>
                  <Civilite>M.</Civilite>
                  <Voix>           7</Voix>
                  <RapVoixExp>   0,41</RapVoixExp>
                  <NumDepCand>3</NumDepCand>
                  <NumPanneauCand>3</NumPanneauCand>
                </Candidat>
                <Candidat>
                  <Nom>BAYROU</Nom>
                  <Prenom>François</Prenom>
                  <Civilite>M.</Civilite>
                  <Voix>         288</Voix>
                  <RapVoixExp>  16,96</RapVoixExp>
                  <NumDepCand>4</NumDepCand>
                  <NumPanneauCand>4</NumPanneauCand>
                </Candidat>
                <Candidat>
                  <Nom>BOVÉ</Nom>
                  <Prenom>José</Prenom>
                  <Civilite>M.</Civilite>
                  <Voix>          18</Voix>
                  <RapVoixExp>   1,06</RapVoixExp>
                  <NumDepCand>5</NumDepCand>
                  <NumPanneauCand>5</NumPanneauCand>
                </Candidat>
                <Candidat>
                  <Nom>VOYNET</Nom>
                  <Prenom>Dominique</Prenom>
                  <Civilite>Mme</Civilite>
                  <Voix>          35</Voix>
                  <RapVoixExp>   2,06</RapVoixExp>
                  <NumDepCand>6</NumDepCand>
                  <NumPanneauCand>6</NumPanneauCand>
                </Candidat>
                <Candidat>
                  <Nom>de VILLIERS</Nom>
                  <Prenom>Philippe</Prenom>
                  <Civilite>M.</Civilite>
                  <Voix>          58</Voix>
                  <RapVoixExp>   3,42</RapVoixExp>
                  <NumDepCand>7</NumDepCand>
                  <NumPanneauCand>7</NumPanneauCand>
                </Candidat>
                <Candidat>
                  <Nom>ROYAL</Nom>
                  <Prenom>Ségolène</Prenom>
                  <Civilite>Mme</Civilite>
                  <Voix>         332</Voix>
                  <RapVoixExp>  19,55</RapVoixExp>
                  <NumDepCand>8</NumDepCand>
                  <NumPanneauCand>8</NumPanneauCand>
                </Candidat>
                <Candidat>
                  <Nom>NIHOUS</Nom>
                  <Prenom>Frédéric</Prenom>
                  <Civilite>M.</Civilite>
                  <Voix>          23</Voix>
                  <RapVoixExp>   1,35</RapVoixExp>
                  <NumDepCand>9</NumDepCand>
                  <NumPanneauCand>9</NumPanneauCand>
                </Candidat>
                <Candidat>
                  <Nom>LE PEN</Nom>
                  <Prenom>Jean-Marie</Prenom>
                  <Civilite>M.</Civilite>
                  <Voix>         228</Voix>
                  <RapVoixExp>  13,43</RapVoixExp>
                  <NumDepCand>10</NumDepCand>
                  <NumPanneauCand>10</NumPanneauCand>
                </Candidat>
                <Candidat>
                  <Nom>LAGUILLER</Nom>
                  <Prenom>Arlette</Prenom>
                  <Civilite>Mme</Civilite>
                  <Voix>          26</Voix>
                  <RapVoixExp>   1,53</RapVoixExp>
                  <NumDepCand>11</NumDepCand>
                  <NumPanneauCand>11</NumPanneauCand>
                </Candidat>
                <Candidat>
                  <Nom>SARKOZY</Nom>
                  <Prenom>Nicolas</Prenom>
                  <Civilite>M.</Civilite>
                  <Voix>         587</Voix>
                  <RapVoixExp>  34,57</RapVoixExp>
                  <NumDepCand>12</NumDepCand>
                  <NumPanneauCand>12</NumPanneauCand>
                </Candidat>
              </Liste>
            </Periode>
          </Tour>
        </Resultats>
      </Communes>
    </Departement>
  </Region>
</Election>