﻿<?xml version="1.0" encoding="utf-8"?>
<Election>
  <Type>Présidentielle</Type>
  <NbrTour>2</NbrTour>
  <DateScrutin>
    <DateTour1>DIMANCHE 22 AVRIL 2007</DateTour1>
    <DateTour2>DIMANCHE 6 MAI 2007</DateTour2>
  </DateScrutin>
  <DateExtraction>10/05/2007</DateExtraction>
  <HeureExtraction>14:04</HeureExtraction>
  <Region>
    <CodReg>04</CodReg>
    <CodReg3Car>004</CodReg3Car>
    <LibReg>LA REUNION</LibReg>
    <Departement>
      <CodDpt>974</CodDpt>
      <CodDpt3Car>974</CodDpt3Car>
      <LibDpt>LA REUNION</LibDpt>
      <Communes>
        <CodSubCom>403</CodSubCom>
        <LibSubCom>Entre-Deux</LibSubCom>
        <LienIdxLet1>
          <libelle>
            <CodDpt>974</CodDpt>
            <LibLigne1>Résultats par commune : </LibLigne1>
            <LibLigne2>Cliquez sur la lettre correspondant à l'initiale</LibLigne2>
            <Index>
              <IndexLet1>
                <LibIndex>B</LibIndex>
                <NomPageIndex>974b</NomPageIndex>
              </IndexLet1>
              <IndexLet1>
                <LibIndex>C</LibIndex>
                <NomPageIndex>974c</NomPageIndex>
              </IndexLet1>
              <IndexLet1>
                <LibIndex>E</LibIndex>
                <NomPageIndex>974e</NomPageIndex>
              </IndexLet1>
              <IndexLet1>
                <LibIndex>L</LibIndex>
                <NomPageIndex>974l</NomPageIndex>
              </IndexLet1>
              <IndexLet1>
                <LibIndex>P</LibIndex>
                <NomPageIndex>974p</NomPageIndex>
              </IndexLet1>
              <IndexLet1>
                <LibIndex>S</LibIndex>
                <NomPageIndex>974s</NomPageIndex>
              </IndexLet1>
            </Index>
          </libelle>
        </LienIdxLet1>
        <Resultats>
          <Tour>
            <NumTour>2</NumTour>
            <Periode>
              <CodPeriod>PVoteT2</CodPeriod>
              <Mention>
                <Inscrit>
                  <NbrIns>       4 430</NbrIns>
                  <RapIns> 100,00</RapIns>
                </Inscrit>
                <Abstention>
                  <NbrAbs>         761</NbrAbs>
                  <RapAbs>  17,18</RapAbs>
                </Abstention>
                <Votant>
                  <NbrVot>       3 669</NbrVot>
                  <RapVot>  82,82</RapVot>
                </Votant>
                <Blanc>
                  <NbrBla>           0</NbrBla>
                  <RapBla>   0,00</RapBla>
                </Blanc>
                <Nul>
                  <NbrNul>         102</NbrNul>
                  <RapNul>   2,30</RapNul>
                </Nul>
                <BlancNul>
                  <NbrBlaNul>         102</NbrBlaNul>
                  <RapBlaNul>   2,78</RapBlaNul>
                </BlancNul>
                <Exprime>
                  <NbrExp>       3 567</NbrExp>
                  <RapExp>  97,22</RapExp>
                </Exprime>
              </Mention>
              <Liste>
                <Candidat>
                  <Nom>SARKOZY</Nom>
                  <Prenom>Nicolas</Prenom>
                  <Civilite>M.</Civilite>
                  <Voix>       1 242</Voix>
                  <RapVoixExp>  34,82</RapVoixExp>
                  <NumDepCand>12</NumDepCand>
                  <NumPanneauCand>1</NumPanneauCand>
                </Candidat>
                <Candidat>
                  <Nom>ROYAL</Nom>
                  <Prenom>Ségolène</Prenom>
                  <Civilite>Mme</Civilite>
                  <Voix>       2 325</Voix>
                  <RapVoixExp>  65,18</RapVoixExp>
                  <NumDepCand>8</NumDepCand>
                  <NumPanneauCand>2</NumPanneauCand>
                </Candidat>
              </Liste>
            </Periode>
            <Periode>
              <CodPeriod>SaisieResT2</CodPeriod>
              <Mention>
                <Inscrit>
                  <NbrIns>       4 430</NbrIns>
                  <RapIns> 100,00</RapIns>
                </Inscrit>
                <Abstention>
                  <NbrAbs>         761</NbrAbs>
                  <RapAbs>  17,18</RapAbs>
                </Abstention>
                <Votant>
                  <NbrVot>       3 669</NbrVot>
                  <RapVot>  82,82</RapVot>
                </Votant>
                <Blanc>
                  <NbrBla>           0</NbrBla>
                  <RapBla>   0,00</RapBla>
                </Blanc>
                <Nul>
                  <NbrNul>         102</NbrNul>
                  <RapNul>   2,30</RapNul>
                </Nul>
                <BlancNul>
                  <NbrBlaNul>         102</NbrBlaNul>
                  <RapBlaNul>   2,78</RapBlaNul>
                </BlancNul>
                <Exprime>
                  <NbrExp>       3 567</NbrExp>
                  <RapExp>  97,22</RapExp>
                </Exprime>
              </Mention>
              <Liste>
                <Candidat>
                  <Nom>SARKOZY</Nom>
                  <Prenom>Nicolas</Prenom>
                  <Civilite>M.</Civilite>
                  <Voix>       1 242</Voix>
                  <RapVoixExp>  34,82</RapVoixExp>
                  <NumDepCand>12</NumDepCand>
                  <NumPanneauCand>1</NumPanneauCand>
                </Candidat>
                <Candidat>
                  <Nom>ROYAL</Nom>
                  <Prenom>Ségolène</Prenom>
                  <Civilite>Mme</Civilite>
                  <Voix>       2 325</Voix>
                  <RapVoixExp>  65,18</RapVoixExp>
                  <NumDepCand>8</NumDepCand>
                  <NumPanneauCand>2</NumPanneauCand>
                </Candidat>
              </Liste>
            </Periode>
          </Tour>
          <Tour>
            <NumTour>1</NumTour>
            <Periode>
              <CodPeriod>PVoteT1</CodPeriod>
              <Mention>
                <Inscrit>
                  <NbrIns>       4 432</NbrIns>
                  <RapIns> 100,00</RapIns>
                </Inscrit>
                <Abstention>
                  <NbrAbs>       1 011</NbrAbs>
                  <RapAbs>  22,81</RapAbs>
                </Abstention>
                <Votant>
                  <NbrVot>       3 421</NbrVot>
                  <RapVot>  77,19</RapVot>
                </Votant>
                <Blanc>
                  <NbrBla>           0</NbrBla>
                  <RapBla>   0,00</RapBla>
                </Blanc>
                <Nul>
                  <NbrNul>         114</NbrNul>
                  <RapNul>   2,57</RapNul>
                </Nul>
                <BlancNul>
                  <NbrBlaNul>         114</NbrBlaNul>
                  <RapBlaNul>   3,33</RapBlaNul>
                </BlancNul>
                <Exprime>
                  <NbrExp>       3 307</NbrExp>
                  <RapExp>  96,67</RapExp>
                </Exprime>
              </Mention>
              <Liste>
                <Candidat>
                  <Nom>BESANCENOT</Nom>
                  <Prenom>Olivier</Prenom>
                  <Civilite>M.</Civilite>
                  <Voix>         113</Voix>
                  <RapVoixExp>   3,42</RapVoixExp>
                  <NumDepCand>1</NumDepCand>
                  <NumPanneauCand>1</NumPanneauCand>
                </Candidat>
                <Candidat>
                  <Nom>BUFFET</Nom>
                  <Prenom>Marie-George</Prenom>
                  <Civilite>Mme</Civilite>
                  <Voix>          48</Voix>
                  <RapVoixExp>   1,45</RapVoixExp>
                  <NumDepCand>2</NumDepCand>
                  <NumPanneauCand>2</NumPanneauCand>
                </Candidat>
                <Candidat>
                  <Nom>SCHIVARDI</Nom>
                  <Prenom>Gérard</Prenom>
                  <Civilite>M.</Civilite>
                  <Voix>           2</Voix>
                  <RapVoixExp>   0,06</RapVoixExp>
                  <NumDepCand>3</NumDepCand>
                  <NumPanneauCand>3</NumPanneauCand>
                </Candidat>
                <Candidat>
                  <Nom>BAYROU</Nom>
                  <Prenom>François</Prenom>
                  <Civilite>M.</Civilite>
                  <Voix>         430</Voix>
                  <RapVoixExp>  13,00</RapVoixExp>
                  <NumDepCand>4</NumDepCand>
                  <NumPanneauCand>4</NumPanneauCand>
                </Candidat>
                <Candidat>
                  <Nom>BOVÉ</Nom>
                  <Prenom>José</Prenom>
                  <Civilite>M.</Civilite>
                  <Voix>          70</Voix>
                  <RapVoixExp>   2,12</RapVoixExp>
                  <NumDepCand>5</NumDepCand>
                  <NumPanneauCand>5</NumPanneauCand>
                </Candidat>
                <Candidat>
                  <Nom>VOYNET</Nom>
                  <Prenom>Dominique</Prenom>
                  <Civilite>Mme</Civilite>
                  <Voix>          54</Voix>
                  <RapVoixExp>   1,63</RapVoixExp>
                  <NumDepCand>6</NumDepCand>
                  <NumPanneauCand>6</NumPanneauCand>
                </Candidat>
                <Candidat>
                  <Nom>de VILLIERS</Nom>
                  <Prenom>Philippe</Prenom>
                  <Civilite>M.</Civilite>
                  <Voix>          21</Voix>
                  <RapVoixExp>   0,64</RapVoixExp>
                  <NumDepCand>7</NumDepCand>
                  <NumPanneauCand>7</NumPanneauCand>
                </Candidat>
                <Candidat>
                  <Nom>ROYAL</Nom>
                  <Prenom>Ségolène</Prenom>
                  <Civilite>Mme</Civilite>
                  <Voix>       1 542</Voix>
                  <RapVoixExp>  46,63</RapVoixExp>
                  <NumDepCand>8</NumDepCand>
                  <NumPanneauCand>8</NumPanneauCand>
                </Candidat>
                <Candidat>
                  <Nom>NIHOUS</Nom>
                  <Prenom>Frédéric</Prenom>
                  <Civilite>M.</Civilite>
                  <Voix>           7</Voix>
                  <RapVoixExp>   0,21</RapVoixExp>
                  <NumDepCand>9</NumDepCand>
                  <NumPanneauCand>9</NumPanneauCand>
                </Candidat>
                <Candidat>
                  <Nom>LE PEN</Nom>
                  <Prenom>Jean-Marie</Prenom>
                  <Civilite>M.</Civilite>
                  <Voix>         164</Voix>
                  <RapVoixExp>   4,96</RapVoixExp>
                  <NumDepCand>10</NumDepCand>
                  <NumPanneauCand>10</NumPanneauCand>
                </Candidat>
                <Candidat>
                  <Nom>LAGUILLER</Nom>
                  <Prenom>Arlette</Prenom>
                  <Civilite>Mme</Civilite>
                  <Voix>          22</Voix>
                  <RapVoixExp>   0,67</RapVoixExp>
                  <NumDepCand>11</NumDepCand>
                  <NumPanneauCand>11</NumPanneauCand>
                </Candidat>
                <Candidat>
                  <Nom>SARKOZY</Nom>
                  <Prenom>Nicolas</Prenom>
                  <Civilite>M.</Civilite>
                  <Voix>         834</Voix>
                  <RapVoixExp>  25,22</RapVoixExp>
                  <NumDepCand>12</NumDepCand>
                  <NumPanneauCand>12</NumPanneauCand>
                </Candidat>
              </Liste>
            </Periode>
            <Periode>
              <CodPeriod>SaisieResT1</CodPeriod>
              <Mention>
                <Inscrit>
                  <NbrIns>       4 432</NbrIns>
                  <RapIns> 100,00</RapIns>
                </Inscrit>
                <Abstention>
                  <NbrAbs>       1 011</NbrAbs>
                  <RapAbs>  22,81</RapAbs>
                </Abstention>
                <Votant>
                  <NbrVot>       3 421</NbrVot>
                  <RapVot>  77,19</RapVot>
                </Votant>
                <Blanc>
                  <NbrBla>           0</NbrBla>
                  <RapBla>   0,00</RapBla>
                </Blanc>
                <Nul>
                  <NbrNul>         114</NbrNul>
                  <RapNul>   2,57</RapNul>
                </Nul>
                <BlancNul>
                  <NbrBlaNul>         114</NbrBlaNul>
                  <RapBlaNul>   3,33</RapBlaNul>
                </BlancNul>
                <Exprime>
                  <NbrExp>       3 307</NbrExp>
                  <RapExp>  96,67</RapExp>
                </Exprime>
              </Mention>
              <Liste>
                <Candidat>
                  <Nom>BESANCENOT</Nom>
                  <Prenom>Olivier</Prenom>
                  <Civilite>M.</Civilite>
                  <Voix>         113</Voix>
                  <RapVoixExp>   3,42</RapVoixExp>
                  <NumDepCand>1</NumDepCand>
                  <NumPanneauCand>1</NumPanneauCand>
                </Candidat>
                <Candidat>
                  <Nom>BUFFET</Nom>
                  <Prenom>Marie-George</Prenom>
                  <Civilite>Mme</Civilite>
                  <Voix>          48</Voix>
                  <RapVoixExp>   1,45</RapVoixExp>
                  <NumDepCand>2</NumDepCand>
                  <NumPanneauCand>2</NumPanneauCand>
                </Candidat>
                <Candidat>
                  <Nom>SCHIVARDI</Nom>
                  <Prenom>Gérard</Prenom>
                  <Civilite>M.</Civilite>
                  <Voix>           2</Voix>
                  <RapVoixExp>   0,06</RapVoixExp>
                  <NumDepCand>3</NumDepCand>
                  <NumPanneauCand>3</NumPanneauCand>
                </Candidat>
                <Candidat>
                  <Nom>BAYROU</Nom>
                  <Prenom>François</Prenom>
                  <Civilite>M.</Civilite>
                  <Voix>         430</Voix>
                  <RapVoixExp>  13,00</RapVoixExp>
                  <NumDepCand>4</NumDepCand>
                  <NumPanneauCand>4</NumPanneauCand>
                </Candidat>
                <Candidat>
                  <Nom>BOVÉ</Nom>
                  <Prenom>José</Prenom>
                  <Civilite>M.</Civilite>
                  <Voix>          70</Voix>
                  <RapVoixExp>   2,12</RapVoixExp>
                  <NumDepCand>5</NumDepCand>
                  <NumPanneauCand>5</NumPanneauCand>
                </Candidat>
                <Candidat>
                  <Nom>VOYNET</Nom>
                  <Prenom>Dominique</Prenom>
                  <Civilite>Mme</Civilite>
                  <Voix>          54</Voix>
                  <RapVoixExp>   1,63</RapVoixExp>
                  <NumDepCand>6</NumDepCand>
                  <NumPanneauCand>6</NumPanneauCand>
                </Candidat>
                <Candidat>
                  <Nom>de VILLIERS</Nom>
                  <Prenom>Philippe</Prenom>
                  <Civilite>M.</Civilite>
                  <Voix>          21</Voix>
                  <RapVoixExp>   0,64</RapVoixExp>
                  <NumDepCand>7</NumDepCand>
                  <NumPanneauCand>7</NumPanneauCand>
                </Candidat>
                <Candidat>
                  <Nom>ROYAL</Nom>
                  <Prenom>Ségolène</Prenom>
                  <Civilite>Mme</Civilite>
                  <Voix>       1 542</Voix>
                  <RapVoixExp>  46,63</RapVoixExp>
                  <NumDepCand>8</NumDepCand>
                  <NumPanneauCand>8</NumPanneauCand>
                </Candidat>
                <Candidat>
                  <Nom>NIHOUS</Nom>
                  <Prenom>Frédéric</Prenom>
                  <Civilite>M.</Civilite>
                  <Voix>           7</Voix>
                  <RapVoixExp>   0,21</RapVoixExp>
                  <NumDepCand>9</NumDepCand>
                  <NumPanneauCand>9</NumPanneauCand>
                </Candidat>
                <Candidat>
                  <Nom>LE PEN</Nom>
                  <Prenom>Jean-Marie</Prenom>
                  <Civilite>M.</Civilite>
                  <Voix>         164</Voix>
                  <RapVoixExp>   4,96</RapVoixExp>
                  <NumDepCand>10</NumDepCand>
                  <NumPanneauCand>10</NumPanneauCand>
                </Candidat>
                <Candidat>
                  <Nom>LAGUILLER</Nom>
                  <Prenom>Arlette</Prenom>
                  <Civilite>Mme</Civilite>
                  <Voix>          22</Voix>
                  <RapVoixExp>   0,67</RapVoixExp>
                  <NumDepCand>11</NumDepCand>
                  <NumPanneauCand>11</NumPanneauCand>
                </Candidat>
                <Candidat>
                  <Nom>SARKOZY</Nom>
                  <Prenom>Nicolas</Prenom>
                  <Civilite>M.</Civilite>
                  <Voix>         834</Voix>
                  <RapVoixExp>  25,22</RapVoixExp>
                  <NumDepCand>12</NumDepCand>
                  <NumPanneauCand>12</NumPanneauCand>
                </Candidat>
              </Liste>
            </Periode>
          </Tour>
        </Resultats>
      </Communes>
    </Departement>
  </Region>
</Election>