﻿<?xml version="1.0" encoding="utf-8"?>
<Election>
  <Type>Présidentielle</Type>
  <NbrTour>2</NbrTour>
  <DateScrutin>
    <DateTour1>DIMANCHE 22 AVRIL 2007</DateTour1>
    <DateTour2>DIMANCHE 6 MAI 2007</DateTour2>
  </DateScrutin>
  <DateExtraction>10/05/2007</DateExtraction>
  <HeureExtraction>13:40</HeureExtraction>
  <Region>
    <CodReg>11</CodReg>
    <CodReg3Car>011</CodReg3Car>
    <LibReg>ILE DE FRANCE</LibReg>
    <Departement>
      <CodDpt>75</CodDpt>
      <CodDpt3Car>075</CodDpt3Car>
      <LibDpt>PARIS</LibDpt>
      <Communes>
        <CodSubCom>056AR10</CodSubCom>
        <LibSubCom>Paris 10eme arrondissement</LibSubCom>
        <LienIdxLet1>
          <libelle>
            <CodDpt>75</CodDpt>
            <LibLigne1>Résultats par arrondissement : </LibLigne1>
            <LibLigne2>Cliquez sur le n° de votre arrondissement</LibLigne2>
            <Index>
              <IndexLet1>
                <LibIndex>1er</LibIndex>
                <NomPageIndex>75056AR01</NomPageIndex>
              </IndexLet1>
              <IndexLet1>
                <LibIndex>2ème</LibIndex>
                <NomPageIndex>75056AR02</NomPageIndex>
              </IndexLet1>
              <IndexLet1>
                <LibIndex>3ème</LibIndex>
                <NomPageIndex>75056AR03</NomPageIndex>
              </IndexLet1>
              <IndexLet1>
                <LibIndex>4ème</LibIndex>
                <NomPageIndex>75056AR04</NomPageIndex>
              </IndexLet1>
              <IndexLet1>
                <LibIndex>5ème</LibIndex>
                <NomPageIndex>75056AR05</NomPageIndex>
              </IndexLet1>
              <IndexLet1>
                <LibIndex>6ème</LibIndex>
                <NomPageIndex>75056AR06</NomPageIndex>
              </IndexLet1>
              <IndexLet1>
                <LibIndex>7ème</LibIndex>
                <NomPageIndex>75056AR07</NomPageIndex>
              </IndexLet1>
              <IndexLet1>
                <LibIndex>8ème</LibIndex>
                <NomPageIndex>75056AR08</NomPageIndex>
              </IndexLet1>
              <IndexLet1>
                <LibIndex>9ème</LibIndex>
                <NomPageIndex>75056AR09</NomPageIndex>
              </IndexLet1>
              <IndexLet1>
                <LibIndex>10ème</LibIndex>
                <NomPageIndex>75056AR10</NomPageIndex>
              </IndexLet1>
              <IndexLet1>
                <LibIndex>11ème</LibIndex>
                <NomPageIndex>75056AR11</NomPageIndex>
              </IndexLet1>
              <IndexLet1>
                <LibIndex>12ème</LibIndex>
                <NomPageIndex>75056AR12</NomPageIndex>
              </IndexLet1>
              <IndexLet1>
                <LibIndex>13ème</LibIndex>
                <NomPageIndex>75056AR13</NomPageIndex>
              </IndexLet1>
              <IndexLet1>
                <LibIndex>14ème</LibIndex>
                <NomPageIndex>75056AR14</NomPageIndex>
              </IndexLet1>
              <IndexLet1>
                <LibIndex>15ème</LibIndex>
                <NomPageIndex>75056AR15</NomPageIndex>
              </IndexLet1>
              <IndexLet1>
                <LibIndex>16ème</LibIndex>
                <NomPageIndex>75056AR16</NomPageIndex>
              </IndexLet1>
              <IndexLet1>
                <LibIndex>17ème</LibIndex>
                <NomPageIndex>75056AR17</NomPageIndex>
              </IndexLet1>
              <IndexLet1>
                <LibIndex>18ème</LibIndex>
                <NomPageIndex>75056AR18</NomPageIndex>
              </IndexLet1>
              <IndexLet1>
                <LibIndex>19ème</LibIndex>
                <NomPageIndex>75056AR19</NomPageIndex>
              </IndexLet1>
              <IndexLet1>
                <LibIndex>20ème</LibIndex>
                <NomPageIndex>75056AR20</NomPageIndex>
              </IndexLet1>
            </Index>
          </libelle>
        </LienIdxLet1>
        <Resultats>
          <Tour>
            <NumTour>2</NumTour>
            <Periode>
              <CodPeriod>PVoteT2</CodPeriod>
              <Mention>
                <Inscrit>
                  <NbrIns>      48 582</NbrIns>
                  <RapIns> 100,00</RapIns>
                </Inscrit>
                <Abstention>
                  <NbrAbs>       7 010</NbrAbs>
                  <RapAbs>  14,43</RapAbs>
                </Abstention>
                <Votant>
                  <NbrVot>      41 572</NbrVot>
                  <RapVot>  85,57</RapVot>
                </Votant>
                <Blanc>
                  <NbrBla>           0</NbrBla>
                  <RapBla>   0,00</RapBla>
                </Blanc>
                <Nul>
                  <NbrNul>       1 328</NbrNul>
                  <RapNul>   2,73</RapNul>
                </Nul>
                <BlancNul>
                  <NbrBlaNul>       1 328</NbrBlaNul>
                  <RapBlaNul>   3,19</RapBlaNul>
                </BlancNul>
                <Exprime>
                  <NbrExp>      40 244</NbrExp>
                  <RapExp>  96,81</RapExp>
                </Exprime>
              </Mention>
              <Liste>
                <Candidat>
                  <Nom>SARKOZY</Nom>
                  <Prenom>Nicolas</Prenom>
                  <Civilite>M.</Civilite>
                  <Voix>      14 893</Voix>
                  <RapVoixExp>  37,01</RapVoixExp>
                  <NumDepCand>12</NumDepCand>
                  <NumPanneauCand>1</NumPanneauCand>
                </Candidat>
                <Candidat>
                  <Nom>ROYAL</Nom>
                  <Prenom>Ségolène</Prenom>
                  <Civilite>Mme</Civilite>
                  <Voix>      25 351</Voix>
                  <RapVoixExp>  62,99</RapVoixExp>
                  <NumDepCand>8</NumDepCand>
                  <NumPanneauCand>2</NumPanneauCand>
                </Candidat>
              </Liste>
            </Periode>
            <Periode>
              <CodPeriod>SaisieResT2</CodPeriod>
              <Mention>
                <Inscrit>
                  <NbrIns>      48 582</NbrIns>
                  <RapIns> 100,00</RapIns>
                </Inscrit>
                <Abstention>
                  <NbrAbs>       7 010</NbrAbs>
                  <RapAbs>  14,43</RapAbs>
                </Abstention>
                <Votant>
                  <NbrVot>      41 572</NbrVot>
                  <RapVot>  85,57</RapVot>
                </Votant>
                <Blanc>
                  <NbrBla>           0</NbrBla>
                  <RapBla>   0,00</RapBla>
                </Blanc>
                <Nul>
                  <NbrNul>       1 328</NbrNul>
                  <RapNul>   2,73</RapNul>
                </Nul>
                <BlancNul>
                  <NbrBlaNul>       1 328</NbrBlaNul>
                  <RapBlaNul>   3,19</RapBlaNul>
                </BlancNul>
                <Exprime>
                  <NbrExp>      40 244</NbrExp>
                  <RapExp>  96,81</RapExp>
                </Exprime>
              </Mention>
              <Liste>
                <Candidat>
                  <Nom>SARKOZY</Nom>
                  <Prenom>Nicolas</Prenom>
                  <Civilite>M.</Civilite>
                  <Voix>      14 893</Voix>
                  <RapVoixExp>  37,01</RapVoixExp>
                  <NumDepCand>12</NumDepCand>
                  <NumPanneauCand>1</NumPanneauCand>
                </Candidat>
                <Candidat>
                  <Nom>ROYAL</Nom>
                  <Prenom>Ségolène</Prenom>
                  <Civilite>Mme</Civilite>
                  <Voix>      25 351</Voix>
                  <RapVoixExp>  62,99</RapVoixExp>
                  <NumDepCand>8</NumDepCand>
                  <NumPanneauCand>2</NumPanneauCand>
                </Candidat>
              </Liste>
            </Periode>
          </Tour>
          <Tour>
            <NumTour>1</NumTour>
            <Periode>
              <CodPeriod>PVoteT1</CodPeriod>
              <Mention>
                <Inscrit>
                  <NbrIns>      48 573</NbrIns>
                  <RapIns> 100,00</RapIns>
                </Inscrit>
                <Abstention>
                  <NbrAbs>       6 376</NbrAbs>
                  <RapAbs>  13,13</RapAbs>
                </Abstention>
                <Votant>
                  <NbrVot>      42 197</NbrVot>
                  <RapVot>  86,87</RapVot>
                </Votant>
                <Blanc>
                  <NbrBla>           0</NbrBla>
                  <RapBla>   0,00</RapBla>
                </Blanc>
                <Nul>
                  <NbrNul>         349</NbrNul>
                  <RapNul>   0,72</RapNul>
                </Nul>
                <BlancNul>
                  <NbrBlaNul>         349</NbrBlaNul>
                  <RapBlaNul>   0,83</RapBlaNul>
                </BlancNul>
                <Exprime>
                  <NbrExp>      41 848</NbrExp>
                  <RapExp>  99,17</RapExp>
                </Exprime>
              </Mention>
              <Liste>
                <Candidat>
                  <Nom>BESANCENOT</Nom>
                  <Prenom>Olivier</Prenom>
                  <Civilite>M.</Civilite>
                  <Voix>         954</Voix>
                  <RapVoixExp>   2,28</RapVoixExp>
                  <NumDepCand>1</NumDepCand>
                  <NumPanneauCand>1</NumPanneauCand>
                </Candidat>
                <Candidat>
                  <Nom>BUFFET</Nom>
                  <Prenom>Marie-George</Prenom>
                  <Civilite>Mme</Civilite>
                  <Voix>         609</Voix>
                  <RapVoixExp>   1,46</RapVoixExp>
                  <NumDepCand>2</NumDepCand>
                  <NumPanneauCand>2</NumPanneauCand>
                </Candidat>
                <Candidat>
                  <Nom>SCHIVARDI</Nom>
                  <Prenom>Gérard</Prenom>
                  <Civilite>M.</Civilite>
                  <Voix>          88</Voix>
                  <RapVoixExp>   0,21</RapVoixExp>
                  <NumDepCand>3</NumDepCand>
                  <NumPanneauCand>3</NumPanneauCand>
                </Candidat>
                <Candidat>
                  <Nom>BAYROU</Nom>
                  <Prenom>François</Prenom>
                  <Civilite>M.</Civilite>
                  <Voix>       8 514</Voix>
                  <RapVoixExp>  20,35</RapVoixExp>
                  <NumDepCand>4</NumDepCand>
                  <NumPanneauCand>4</NumPanneauCand>
                </Candidat>
                <Candidat>
                  <Nom>BOVÉ</Nom>
                  <Prenom>José</Prenom>
                  <Civilite>M.</Civilite>
                  <Voix>         569</Voix>
                  <RapVoixExp>   1,36</RapVoixExp>
                  <NumDepCand>5</NumDepCand>
                  <NumPanneauCand>5</NumPanneauCand>
                </Candidat>
                <Candidat>
                  <Nom>VOYNET</Nom>
                  <Prenom>Dominique</Prenom>
                  <Civilite>Mme</Civilite>
                  <Voix>         814</Voix>
                  <RapVoixExp>   1,95</RapVoixExp>
                  <NumDepCand>6</NumDepCand>
                  <NumPanneauCand>6</NumPanneauCand>
                </Candidat>
                <Candidat>
                  <Nom>de VILLIERS</Nom>
                  <Prenom>Philippe</Prenom>
                  <Civilite>M.</Civilite>
                  <Voix>         365</Voix>
                  <RapVoixExp>   0,87</RapVoixExp>
                  <NumDepCand>7</NumDepCand>
                  <NumPanneauCand>7</NumPanneauCand>
                </Candidat>
                <Candidat>
                  <Nom>ROYAL</Nom>
                  <Prenom>Ségolène</Prenom>
                  <Civilite>Mme</Civilite>
                  <Voix>      17 573</Voix>
                  <RapVoixExp>  41,99</RapVoixExp>
                  <NumDepCand>8</NumDepCand>
                  <NumPanneauCand>8</NumPanneauCand>
                </Candidat>
                <Candidat>
                  <Nom>NIHOUS</Nom>
                  <Prenom>Frédéric</Prenom>
                  <Civilite>M.</Civilite>
                  <Voix>          66</Voix>
                  <RapVoixExp>   0,16</RapVoixExp>
                  <NumDepCand>9</NumDepCand>
                  <NumPanneauCand>9</NumPanneauCand>
                </Candidat>
                <Candidat>
                  <Nom>LE PEN</Nom>
                  <Prenom>Jean-Marie</Prenom>
                  <Civilite>M.</Civilite>
                  <Voix>       1 611</Voix>
                  <RapVoixExp>   3,85</RapVoixExp>
                  <NumDepCand>10</NumDepCand>
                  <NumPanneauCand>10</NumPanneauCand>
                </Candidat>
                <Candidat>
                  <Nom>LAGUILLER</Nom>
                  <Prenom>Arlette</Prenom>
                  <Civilite>Mme</Civilite>
                  <Voix>         211</Voix>
                  <RapVoixExp>   0,50</RapVoixExp>
                  <NumDepCand>11</NumDepCand>
                  <NumPanneauCand>11</NumPanneauCand>
                </Candidat>
                <Candidat>
                  <Nom>SARKOZY</Nom>
                  <Prenom>Nicolas</Prenom>
                  <Civilite>M.</Civilite>
                  <Voix>      10 474</Voix>
                  <RapVoixExp>  25,03</RapVoixExp>
                  <NumDepCand>12</NumDepCand>
                  <NumPanneauCand>12</NumPanneauCand>
                </Candidat>
              </Liste>
            </Periode>
            <Periode>
              <CodPeriod>SaisieResT1</CodPeriod>
              <Mention>
                <Inscrit>
                  <NbrIns>      48 573</NbrIns>
                  <RapIns> 100,00</RapIns>
                </Inscrit>
                <Abstention>
                  <NbrAbs>       6 376</NbrAbs>
                  <RapAbs>  13,13</RapAbs>
                </Abstention>
                <Votant>
                  <NbrVot>      42 197</NbrVot>
                  <RapVot>  86,87</RapVot>
                </Votant>
                <Blanc>
                  <NbrBla>           0</NbrBla>
                  <RapBla>   0,00</RapBla>
                </Blanc>
                <Nul>
                  <NbrNul>         349</NbrNul>
                  <RapNul>   0,72</RapNul>
                </Nul>
                <BlancNul>
                  <NbrBlaNul>         349</NbrBlaNul>
                  <RapBlaNul>   0,83</RapBlaNul>
                </BlancNul>
                <Exprime>
                  <NbrExp>      41 848</NbrExp>
                  <RapExp>  99,17</RapExp>
                </Exprime>
              </Mention>
              <Liste>
                <Candidat>
                  <Nom>BESANCENOT</Nom>
                  <Prenom>Olivier</Prenom>
                  <Civilite>M.</Civilite>
                  <Voix>         954</Voix>
                  <RapVoixExp>   2,28</RapVoixExp>
                  <NumDepCand>1</NumDepCand>
                  <NumPanneauCand>1</NumPanneauCand>
                </Candidat>
                <Candidat>
                  <Nom>BUFFET</Nom>
                  <Prenom>Marie-George</Prenom>
                  <Civilite>Mme</Civilite>
                  <Voix>         609</Voix>
                  <RapVoixExp>   1,46</RapVoixExp>
                  <NumDepCand>2</NumDepCand>
                  <NumPanneauCand>2</NumPanneauCand>
                </Candidat>
                <Candidat>
                  <Nom>SCHIVARDI</Nom>
                  <Prenom>Gérard</Prenom>
                  <Civilite>M.</Civilite>
                  <Voix>          88</Voix>
                  <RapVoixExp>   0,21</RapVoixExp>
                  <NumDepCand>3</NumDepCand>
                  <NumPanneauCand>3</NumPanneauCand>
                </Candidat>
                <Candidat>
                  <Nom>BAYROU</Nom>
                  <Prenom>François</Prenom>
                  <Civilite>M.</Civilite>
                  <Voix>       8 514</Voix>
                  <RapVoixExp>  20,35</RapVoixExp>
                  <NumDepCand>4</NumDepCand>
                  <NumPanneauCand>4</NumPanneauCand>
                </Candidat>
                <Candidat>
                  <Nom>BOVÉ</Nom>
                  <Prenom>José</Prenom>
                  <Civilite>M.</Civilite>
                  <Voix>         569</Voix>
                  <RapVoixExp>   1,36</RapVoixExp>
                  <NumDepCand>5</NumDepCand>
                  <NumPanneauCand>5</NumPanneauCand>
                </Candidat>
                <Candidat>
                  <Nom>VOYNET</Nom>
                  <Prenom>Dominique</Prenom>
                  <Civilite>Mme</Civilite>
                  <Voix>         814</Voix>
                  <RapVoixExp>   1,95</RapVoixExp>
                  <NumDepCand>6</NumDepCand>
                  <NumPanneauCand>6</NumPanneauCand>
                </Candidat>
                <Candidat>
                  <Nom>de VILLIERS</Nom>
                  <Prenom>Philippe</Prenom>
                  <Civilite>M.</Civilite>
                  <Voix>         365</Voix>
                  <RapVoixExp>   0,87</RapVoixExp>
                  <NumDepCand>7</NumDepCand>
                  <NumPanneauCand>7</NumPanneauCand>
                </Candidat>
                <Candidat>
                  <Nom>ROYAL</Nom>
                  <Prenom>Ségolène</Prenom>
                  <Civilite>Mme</Civilite>
                  <Voix>      17 573</Voix>
                  <RapVoixExp>  41,99</RapVoixExp>
                  <NumDepCand>8</NumDepCand>
                  <NumPanneauCand>8</NumPanneauCand>
                </Candidat>
                <Candidat>
                  <Nom>NIHOUS</Nom>
                  <Prenom>Frédéric</Prenom>
                  <Civilite>M.</Civilite>
                  <Voix>          66</Voix>
                  <RapVoixExp>   0,16</RapVoixExp>
                  <NumDepCand>9</NumDepCand>
                  <NumPanneauCand>9</NumPanneauCand>
                </Candidat>
                <Candidat>
                  <Nom>LE PEN</Nom>
                  <Prenom>Jean-Marie</Prenom>
                  <Civilite>M.</Civilite>
                  <Voix>       1 611</Voix>
                  <RapVoixExp>   3,85</RapVoixExp>
                  <NumDepCand>10</NumDepCand>
                  <NumPanneauCand>10</NumPanneauCand>
                </Candidat>
                <Candidat>
                  <Nom>LAGUILLER</Nom>
                  <Prenom>Arlette</Prenom>
                  <Civilite>Mme</Civilite>
                  <Voix>         211</Voix>
                  <RapVoixExp>   0,50</RapVoixExp>
                  <NumDepCand>11</NumDepCand>
                  <NumPanneauCand>11</NumPanneauCand>
                </Candidat>
                <Candidat>
                  <Nom>SARKOZY</Nom>
                  <Prenom>Nicolas</Prenom>
                  <Civilite>M.</Civilite>
                  <Voix>      10 474</Voix>
                  <RapVoixExp>  25,03</RapVoixExp>
                  <NumDepCand>12</NumDepCand>
                  <NumPanneauCand>12</NumPanneauCand>
                </Candidat>
              </Liste>
            </Periode>
          </Tour>
        </Resultats>
      </Communes>
    </Departement>
  </Region>
</Election>