﻿<?xml version="1.0" encoding="utf-8"?>
<Election>
  <Type>Présidentielle</Type>
  <NbrTour>2</NbrTour>
  <DateScrutin>
    <DateTour1>DIMANCHE 22 AVRIL 2007</DateTour1>
    <DateTour2>DIMANCHE 6 MAI 2007</DateTour2>
  </DateScrutin>
  <DateExtraction>10/05/2007</DateExtraction>
  <HeureExtraction>13:40</HeureExtraction>
  <Region>
    <CodReg>11</CodReg>
    <CodReg3Car>011</CodReg3Car>
    <LibReg>ILE DE FRANCE</LibReg>
    <Departement>
      <CodDpt>75</CodDpt>
      <CodDpt3Car>075</CodDpt3Car>
      <LibDpt>PARIS</LibDpt>
      <Communes>
        <CodSubCom>056AR06</CodSubCom>
        <LibSubCom>Paris 6eme arrondissement</LibSubCom>
        <LienIdxLet1>
          <libelle>
            <CodDpt>75</CodDpt>
            <LibLigne1>Résultats par arrondissement : </LibLigne1>
            <LibLigne2>Cliquez sur le n° de votre arrondissement</LibLigne2>
            <Index>
              <IndexLet1>
                <LibIndex>1er</LibIndex>
                <NomPageIndex>75056AR01</NomPageIndex>
              </IndexLet1>
              <IndexLet1>
                <LibIndex>2ème</LibIndex>
                <NomPageIndex>75056AR02</NomPageIndex>
              </IndexLet1>
              <IndexLet1>
                <LibIndex>3ème</LibIndex>
                <NomPageIndex>75056AR03</NomPageIndex>
              </IndexLet1>
              <IndexLet1>
                <LibIndex>4ème</LibIndex>
                <NomPageIndex>75056AR04</NomPageIndex>
              </IndexLet1>
              <IndexLet1>
                <LibIndex>5ème</LibIndex>
                <NomPageIndex>75056AR05</NomPageIndex>
              </IndexLet1>
              <IndexLet1>
                <LibIndex>6ème</LibIndex>
                <NomPageIndex>75056AR06</NomPageIndex>
              </IndexLet1>
              <IndexLet1>
                <LibIndex>7ème</LibIndex>
                <NomPageIndex>75056AR07</NomPageIndex>
              </IndexLet1>
              <IndexLet1>
                <LibIndex>8ème</LibIndex>
                <NomPageIndex>75056AR08</NomPageIndex>
              </IndexLet1>
              <IndexLet1>
                <LibIndex>9ème</LibIndex>
                <NomPageIndex>75056AR09</NomPageIndex>
              </IndexLet1>
              <IndexLet1>
                <LibIndex>10ème</LibIndex>
                <NomPageIndex>75056AR10</NomPageIndex>
              </IndexLet1>
              <IndexLet1>
                <LibIndex>11ème</LibIndex>
                <NomPageIndex>75056AR11</NomPageIndex>
              </IndexLet1>
              <IndexLet1>
                <LibIndex>12ème</LibIndex>
                <NomPageIndex>75056AR12</NomPageIndex>
              </IndexLet1>
              <IndexLet1>
                <LibIndex>13ème</LibIndex>
                <NomPageIndex>75056AR13</NomPageIndex>
              </IndexLet1>
              <IndexLet1>
                <LibIndex>14ème</LibIndex>
                <NomPageIndex>75056AR14</NomPageIndex>
              </IndexLet1>
              <IndexLet1>
                <LibIndex>15ème</LibIndex>
                <NomPageIndex>75056AR15</NomPageIndex>
              </IndexLet1>
              <IndexLet1>
                <LibIndex>16ème</LibIndex>
                <NomPageIndex>75056AR16</NomPageIndex>
              </IndexLet1>
              <IndexLet1>
                <LibIndex>17ème</LibIndex>
                <NomPageIndex>75056AR17</NomPageIndex>
              </IndexLet1>
              <IndexLet1>
                <LibIndex>18ème</LibIndex>
                <NomPageIndex>75056AR18</NomPageIndex>
              </IndexLet1>
              <IndexLet1>
                <LibIndex>19ème</LibIndex>
                <NomPageIndex>75056AR19</NomPageIndex>
              </IndexLet1>
              <IndexLet1>
                <LibIndex>20ème</LibIndex>
                <NomPageIndex>75056AR20</NomPageIndex>
              </IndexLet1>
            </Index>
          </libelle>
        </LienIdxLet1>
        <Resultats>
          <Tour>
            <NumTour>2</NumTour>
            <Periode>
              <CodPeriod>PVoteT2</CodPeriod>
              <Mention>
                <Inscrit>
                  <NbrIns>      26 591</NbrIns>
                  <RapIns> 100,00</RapIns>
                </Inscrit>
                <Abstention>
                  <NbrAbs>       3 210</NbrAbs>
                  <RapAbs>  12,07</RapAbs>
                </Abstention>
                <Votant>
                  <NbrVot>      23 381</NbrVot>
                  <RapVot>  87,93</RapVot>
                </Votant>
                <Blanc>
                  <NbrBla>           0</NbrBla>
                  <RapBla>   0,00</RapBla>
                </Blanc>
                <Nul>
                  <NbrNul>         905</NbrNul>
                  <RapNul>   3,40</RapNul>
                </Nul>
                <BlancNul>
                  <NbrBlaNul>         905</NbrBlaNul>
                  <RapBlaNul>   3,87</RapBlaNul>
                </BlancNul>
                <Exprime>
                  <NbrExp>      22 476</NbrExp>
                  <RapExp>  96,13</RapExp>
                </Exprime>
              </Mention>
              <Liste>
                <Candidat>
                  <Nom>SARKOZY</Nom>
                  <Prenom>Nicolas</Prenom>
                  <Civilite>M.</Civilite>
                  <Voix>      13 770</Voix>
                  <RapVoixExp>  61,27</RapVoixExp>
                  <NumDepCand>12</NumDepCand>
                  <NumPanneauCand>1</NumPanneauCand>
                </Candidat>
                <Candidat>
                  <Nom>ROYAL</Nom>
                  <Prenom>Ségolène</Prenom>
                  <Civilite>Mme</Civilite>
                  <Voix>       8 706</Voix>
                  <RapVoixExp>  38,73</RapVoixExp>
                  <NumDepCand>8</NumDepCand>
                  <NumPanneauCand>2</NumPanneauCand>
                </Candidat>
              </Liste>
            </Periode>
            <Periode>
              <CodPeriod>SaisieResT2</CodPeriod>
              <Mention>
                <Inscrit>
                  <NbrIns>      26 591</NbrIns>
                  <RapIns> 100,00</RapIns>
                </Inscrit>
                <Abstention>
                  <NbrAbs>       3 210</NbrAbs>
                  <RapAbs>  12,07</RapAbs>
                </Abstention>
                <Votant>
                  <NbrVot>      23 381</NbrVot>
                  <RapVot>  87,93</RapVot>
                </Votant>
                <Blanc>
                  <NbrBla>           0</NbrBla>
                  <RapBla>   0,00</RapBla>
                </Blanc>
                <Nul>
                  <NbrNul>         905</NbrNul>
                  <RapNul>   3,40</RapNul>
                </Nul>
                <BlancNul>
                  <NbrBlaNul>         905</NbrBlaNul>
                  <RapBlaNul>   3,87</RapBlaNul>
                </BlancNul>
                <Exprime>
                  <NbrExp>      22 476</NbrExp>
                  <RapExp>  96,13</RapExp>
                </Exprime>
              </Mention>
              <Liste>
                <Candidat>
                  <Nom>SARKOZY</Nom>
                  <Prenom>Nicolas</Prenom>
                  <Civilite>M.</Civilite>
                  <Voix>      13 770</Voix>
                  <RapVoixExp>  61,27</RapVoixExp>
                  <NumDepCand>12</NumDepCand>
                  <NumPanneauCand>1</NumPanneauCand>
                </Candidat>
                <Candidat>
                  <Nom>ROYAL</Nom>
                  <Prenom>Ségolène</Prenom>
                  <Civilite>Mme</Civilite>
                  <Voix>       8 706</Voix>
                  <RapVoixExp>  38,73</RapVoixExp>
                  <NumDepCand>8</NumDepCand>
                  <NumPanneauCand>2</NumPanneauCand>
                </Candidat>
              </Liste>
            </Periode>
          </Tour>
          <Tour>
            <NumTour>1</NumTour>
            <Periode>
              <CodPeriod>PVoteT1</CodPeriod>
              <Mention>
                <Inscrit>
                  <NbrIns>      26 579</NbrIns>
                  <RapIns> 100,00</RapIns>
                </Inscrit>
                <Abstention>
                  <NbrAbs>       2 920</NbrAbs>
                  <RapAbs>  10,99</RapAbs>
                </Abstention>
                <Votant>
                  <NbrVot>      23 659</NbrVot>
                  <RapVot>  89,01</RapVot>
                </Votant>
                <Blanc>
                  <NbrBla>           0</NbrBla>
                  <RapBla>   0,00</RapBla>
                </Blanc>
                <Nul>
                  <NbrNul>         128</NbrNul>
                  <RapNul>   0,48</RapNul>
                </Nul>
                <BlancNul>
                  <NbrBlaNul>         128</NbrBlaNul>
                  <RapBlaNul>   0,54</RapBlaNul>
                </BlancNul>
                <Exprime>
                  <NbrExp>      23 531</NbrExp>
                  <RapExp>  99,46</RapExp>
                </Exprime>
              </Mention>
              <Liste>
                <Candidat>
                  <Nom>BESANCENOT</Nom>
                  <Prenom>Olivier</Prenom>
                  <Civilite>M.</Civilite>
                  <Voix>         233</Voix>
                  <RapVoixExp>   0,99</RapVoixExp>
                  <NumDepCand>1</NumDepCand>
                  <NumPanneauCand>1</NumPanneauCand>
                </Candidat>
                <Candidat>
                  <Nom>BUFFET</Nom>
                  <Prenom>Marie-George</Prenom>
                  <Civilite>Mme</Civilite>
                  <Voix>         160</Voix>
                  <RapVoixExp>   0,68</RapVoixExp>
                  <NumDepCand>2</NumDepCand>
                  <NumPanneauCand>2</NumPanneauCand>
                </Candidat>
                <Candidat>
                  <Nom>SCHIVARDI</Nom>
                  <Prenom>Gérard</Prenom>
                  <Civilite>M.</Civilite>
                  <Voix>          27</Voix>
                  <RapVoixExp>   0,11</RapVoixExp>
                  <NumDepCand>3</NumDepCand>
                  <NumPanneauCand>3</NumPanneauCand>
                </Candidat>
                <Candidat>
                  <Nom>BAYROU</Nom>
                  <Prenom>François</Prenom>
                  <Civilite>M.</Civilite>
                  <Voix>       5 494</Voix>
                  <RapVoixExp>  23,35</RapVoixExp>
                  <NumDepCand>4</NumDepCand>
                  <NumPanneauCand>4</NumPanneauCand>
                </Candidat>
                <Candidat>
                  <Nom>BOVÉ</Nom>
                  <Prenom>José</Prenom>
                  <Civilite>M.</Civilite>
                  <Voix>         144</Voix>
                  <RapVoixExp>   0,61</RapVoixExp>
                  <NumDepCand>5</NumDepCand>
                  <NumPanneauCand>5</NumPanneauCand>
                </Candidat>
                <Candidat>
                  <Nom>VOYNET</Nom>
                  <Prenom>Dominique</Prenom>
                  <Civilite>Mme</Civilite>
                  <Voix>         272</Voix>
                  <RapVoixExp>   1,16</RapVoixExp>
                  <NumDepCand>6</NumDepCand>
                  <NumPanneauCand>6</NumPanneauCand>
                </Candidat>
                <Candidat>
                  <Nom>de VILLIERS</Nom>
                  <Prenom>Philippe</Prenom>
                  <Civilite>M.</Civilite>
                  <Voix>         266</Voix>
                  <RapVoixExp>   1,13</RapVoixExp>
                  <NumDepCand>7</NumDepCand>
                  <NumPanneauCand>7</NumPanneauCand>
                </Candidat>
                <Candidat>
                  <Nom>ROYAL</Nom>
                  <Prenom>Ségolène</Prenom>
                  <Civilite>Mme</Civilite>
                  <Voix>       5 749</Voix>
                  <RapVoixExp>  24,43</RapVoixExp>
                  <NumDepCand>8</NumDepCand>
                  <NumPanneauCand>8</NumPanneauCand>
                </Candidat>
                <Candidat>
                  <Nom>NIHOUS</Nom>
                  <Prenom>Frédéric</Prenom>
                  <Civilite>M.</Civilite>
                  <Voix>          29</Voix>
                  <RapVoixExp>   0,12</RapVoixExp>
                  <NumDepCand>9</NumDepCand>
                  <NumPanneauCand>9</NumPanneauCand>
                </Candidat>
                <Candidat>
                  <Nom>LE PEN</Nom>
                  <Prenom>Jean-Marie</Prenom>
                  <Civilite>M.</Civilite>
                  <Voix>         824</Voix>
                  <RapVoixExp>   3,50</RapVoixExp>
                  <NumDepCand>10</NumDepCand>
                  <NumPanneauCand>10</NumPanneauCand>
                </Candidat>
                <Candidat>
                  <Nom>LAGUILLER</Nom>
                  <Prenom>Arlette</Prenom>
                  <Civilite>Mme</Civilite>
                  <Voix>          61</Voix>
                  <RapVoixExp>   0,26</RapVoixExp>
                  <NumDepCand>11</NumDepCand>
                  <NumPanneauCand>11</NumPanneauCand>
                </Candidat>
                <Candidat>
                  <Nom>SARKOZY</Nom>
                  <Prenom>Nicolas</Prenom>
                  <Civilite>M.</Civilite>
                  <Voix>      10 272</Voix>
                  <RapVoixExp>  43,65</RapVoixExp>
                  <NumDepCand>12</NumDepCand>
                  <NumPanneauCand>12</NumPanneauCand>
                </Candidat>
              </Liste>
            </Periode>
            <Periode>
              <CodPeriod>SaisieResT1</CodPeriod>
              <Mention>
                <Inscrit>
                  <NbrIns>      26 579</NbrIns>
                  <RapIns> 100,00</RapIns>
                </Inscrit>
                <Abstention>
                  <NbrAbs>       2 920</NbrAbs>
                  <RapAbs>  10,99</RapAbs>
                </Abstention>
                <Votant>
                  <NbrVot>      23 659</NbrVot>
                  <RapVot>  89,01</RapVot>
                </Votant>
                <Blanc>
                  <NbrBla>           0</NbrBla>
                  <RapBla>   0,00</RapBla>
                </Blanc>
                <Nul>
                  <NbrNul>         128</NbrNul>
                  <RapNul>   0,48</RapNul>
                </Nul>
                <BlancNul>
                  <NbrBlaNul>         128</NbrBlaNul>
                  <RapBlaNul>   0,54</RapBlaNul>
                </BlancNul>
                <Exprime>
                  <NbrExp>      23 531</NbrExp>
                  <RapExp>  99,46</RapExp>
                </Exprime>
              </Mention>
              <Liste>
                <Candidat>
                  <Nom>BESANCENOT</Nom>
                  <Prenom>Olivier</Prenom>
                  <Civilite>M.</Civilite>
                  <Voix>         233</Voix>
                  <RapVoixExp>   0,99</RapVoixExp>
                  <NumDepCand>1</NumDepCand>
                  <NumPanneauCand>1</NumPanneauCand>
                </Candidat>
                <Candidat>
                  <Nom>BUFFET</Nom>
                  <Prenom>Marie-George</Prenom>
                  <Civilite>Mme</Civilite>
                  <Voix>         160</Voix>
                  <RapVoixExp>   0,68</RapVoixExp>
                  <NumDepCand>2</NumDepCand>
                  <NumPanneauCand>2</NumPanneauCand>
                </Candidat>
                <Candidat>
                  <Nom>SCHIVARDI</Nom>
                  <Prenom>Gérard</Prenom>
                  <Civilite>M.</Civilite>
                  <Voix>          27</Voix>
                  <RapVoixExp>   0,11</RapVoixExp>
                  <NumDepCand>3</NumDepCand>
                  <NumPanneauCand>3</NumPanneauCand>
                </Candidat>
                <Candidat>
                  <Nom>BAYROU</Nom>
                  <Prenom>François</Prenom>
                  <Civilite>M.</Civilite>
                  <Voix>       5 494</Voix>
                  <RapVoixExp>  23,35</RapVoixExp>
                  <NumDepCand>4</NumDepCand>
                  <NumPanneauCand>4</NumPanneauCand>
                </Candidat>
                <Candidat>
                  <Nom>BOVÉ</Nom>
                  <Prenom>José</Prenom>
                  <Civilite>M.</Civilite>
                  <Voix>         144</Voix>
                  <RapVoixExp>   0,61</RapVoixExp>
                  <NumDepCand>5</NumDepCand>
                  <NumPanneauCand>5</NumPanneauCand>
                </Candidat>
                <Candidat>
                  <Nom>VOYNET</Nom>
                  <Prenom>Dominique</Prenom>
                  <Civilite>Mme</Civilite>
                  <Voix>         272</Voix>
                  <RapVoixExp>   1,16</RapVoixExp>
                  <NumDepCand>6</NumDepCand>
                  <NumPanneauCand>6</NumPanneauCand>
                </Candidat>
                <Candidat>
                  <Nom>de VILLIERS</Nom>
                  <Prenom>Philippe</Prenom>
                  <Civilite>M.</Civilite>
                  <Voix>         266</Voix>
                  <RapVoixExp>   1,13</RapVoixExp>
                  <NumDepCand>7</NumDepCand>
                  <NumPanneauCand>7</NumPanneauCand>
                </Candidat>
                <Candidat>
                  <Nom>ROYAL</Nom>
                  <Prenom>Ségolène</Prenom>
                  <Civilite>Mme</Civilite>
                  <Voix>       5 749</Voix>
                  <RapVoixExp>  24,43</RapVoixExp>
                  <NumDepCand>8</NumDepCand>
                  <NumPanneauCand>8</NumPanneauCand>
                </Candidat>
                <Candidat>
                  <Nom>NIHOUS</Nom>
                  <Prenom>Frédéric</Prenom>
                  <Civilite>M.</Civilite>
                  <Voix>          29</Voix>
                  <RapVoixExp>   0,12</RapVoixExp>
                  <NumDepCand>9</NumDepCand>
                  <NumPanneauCand>9</NumPanneauCand>
                </Candidat>
                <Candidat>
                  <Nom>LE PEN</Nom>
                  <Prenom>Jean-Marie</Prenom>
                  <Civilite>M.</Civilite>
                  <Voix>         824</Voix>
                  <RapVoixExp>   3,50</RapVoixExp>
                  <NumDepCand>10</NumDepCand>
                  <NumPanneauCand>10</NumPanneauCand>
                </Candidat>
                <Candidat>
                  <Nom>LAGUILLER</Nom>
                  <Prenom>Arlette</Prenom>
                  <Civilite>Mme</Civilite>
                  <Voix>          61</Voix>
                  <RapVoixExp>   0,26</RapVoixExp>
                  <NumDepCand>11</NumDepCand>
                  <NumPanneauCand>11</NumPanneauCand>
                </Candidat>
                <Candidat>
                  <Nom>SARKOZY</Nom>
                  <Prenom>Nicolas</Prenom>
                  <Civilite>M.</Civilite>
                  <Voix>      10 272</Voix>
                  <RapVoixExp>  43,65</RapVoixExp>
                  <NumDepCand>12</NumDepCand>
                  <NumPanneauCand>12</NumPanneauCand>
                </Candidat>
              </Liste>
            </Periode>
          </Tour>
        </Resultats>
      </Communes>
    </Departement>
  </Region>
</Election>