﻿<?xml version="1.0" encoding="utf-8"?>
<Election>
  <Type>Présidentielle</Type>
  <NbrTour>2</NbrTour>
  <DateScrutin>
    <DateTour1>DIMANCHE 22 AVRIL 2007</DateTour1>
    <DateTour2>DIMANCHE 6 MAI 2007</DateTour2>
  </DateScrutin>
  <DateExtraction>10/05/2007</DateExtraction>
  <HeureExtraction>14:04</HeureExtraction>
  <Region>
    <CodReg3Car>000</CodReg3Car>
    <Departement>
      <CodDpt>976</CodDpt>
      <CodDpt3Car>976</CodDpt3Car>
      <LibDpt>MAYOTTE</LibDpt>
      <Communes>
        <CodSubCom>506</CodSubCom>
        <LibSubCom>CHIRONGUI</LibSubCom>
        <LienIdxLet1>
          <libelle>
            <CodDpt>976</CodDpt>
            <LibLigne1>Résultats par commune : </LibLigne1>
            <LibLigne2>Cliquez sur la lettre correspondant à l'initiale</LibLigne2>
            <Index>
              <IndexLet1>
                <LibIndex>A</LibIndex>
                <NomPageIndex>976a</NomPageIndex>
              </IndexLet1>
              <IndexLet1>
                <LibIndex>B</LibIndex>
                <NomPageIndex>976b</NomPageIndex>
              </IndexLet1>
              <IndexLet1>
                <LibIndex>C</LibIndex>
                <NomPageIndex>976c</NomPageIndex>
              </IndexLet1>
              <IndexLet1>
                <LibIndex>D</LibIndex>
                <NomPageIndex>976d</NomPageIndex>
              </IndexLet1>
              <IndexLet1>
                <LibIndex>K</LibIndex>
                <NomPageIndex>976k</NomPageIndex>
              </IndexLet1>
              <IndexLet1>
                <LibIndex>M</LibIndex>
                <NomPageIndex>976m</NomPageIndex>
              </IndexLet1>
              <IndexLet1>
                <LibIndex>O</LibIndex>
                <NomPageIndex>976o</NomPageIndex>
              </IndexLet1>
              <IndexLet1>
                <LibIndex>P</LibIndex>
                <NomPageIndex>976p</NomPageIndex>
              </IndexLet1>
              <IndexLet1>
                <LibIndex>S</LibIndex>
                <NomPageIndex>976s</NomPageIndex>
              </IndexLet1>
              <IndexLet1>
                <LibIndex>T</LibIndex>
                <NomPageIndex>976t</NomPageIndex>
              </IndexLet1>
            </Index>
          </libelle>
        </LienIdxLet1>
        <Resultats>
          <Tour>
            <NumTour>2</NumTour>
            <Periode>
              <CodPeriod>PVoteT2</CodPeriod>
              <Mention>
                <Inscrit>
                  <NbrIns>       3 180</NbrIns>
                  <RapIns> 100,00</RapIns>
                </Inscrit>
                <Abstention>
                  <NbrAbs>       1 477</NbrAbs>
                  <RapAbs>  46,45</RapAbs>
                </Abstention>
                <Votant>
                  <NbrVot>       1 703</NbrVot>
                  <RapVot>  53,55</RapVot>
                </Votant>
                <Blanc>
                  <NbrBla>           0</NbrBla>
                  <RapBla>   0,00</RapBla>
                </Blanc>
                <Nul>
                  <NbrNul>          51</NbrNul>
                  <RapNul>   1,60</RapNul>
                </Nul>
                <BlancNul>
                  <NbrBlaNul>          51</NbrBlaNul>
                  <RapBlaNul>   2,99</RapBlaNul>
                </BlancNul>
                <Exprime>
                  <NbrExp>       1 652</NbrExp>
                  <RapExp>  97,01</RapExp>
                </Exprime>
              </Mention>
              <Liste>
                <Candidat>
                  <Nom>SARKOZY</Nom>
                  <Prenom>Nicolas</Prenom>
                  <Civilite>M.</Civilite>
                  <Voix>         826</Voix>
                  <RapVoixExp>  50,00</RapVoixExp>
                  <NumDepCand>12</NumDepCand>
                  <NumPanneauCand>1</NumPanneauCand>
                </Candidat>
                <Candidat>
                  <Nom>ROYAL</Nom>
                  <Prenom>Ségolène</Prenom>
                  <Civilite>Mme</Civilite>
                  <Voix>         826</Voix>
                  <RapVoixExp>  50,00</RapVoixExp>
                  <NumDepCand>8</NumDepCand>
                  <NumPanneauCand>2</NumPanneauCand>
                </Candidat>
              </Liste>
            </Periode>
            <Periode>
              <CodPeriod>SaisieResT2</CodPeriod>
              <Mention>
                <Inscrit>
                  <NbrIns>       3 180</NbrIns>
                  <RapIns> 100,00</RapIns>
                </Inscrit>
                <Abstention>
                  <NbrAbs>       1 477</NbrAbs>
                  <RapAbs>  46,45</RapAbs>
                </Abstention>
                <Votant>
                  <NbrVot>       1 703</NbrVot>
                  <RapVot>  53,55</RapVot>
                </Votant>
                <Blanc>
                  <NbrBla>           0</NbrBla>
                  <RapBla>   0,00</RapBla>
                </Blanc>
                <Nul>
                  <NbrNul>          51</NbrNul>
                  <RapNul>   1,60</RapNul>
                </Nul>
                <BlancNul>
                  <NbrBlaNul>          51</NbrBlaNul>
                  <RapBlaNul>   2,99</RapBlaNul>
                </BlancNul>
                <Exprime>
                  <NbrExp>       1 652</NbrExp>
                  <RapExp>  97,01</RapExp>
                </Exprime>
              </Mention>
              <Liste>
                <Candidat>
                  <Nom>SARKOZY</Nom>
                  <Prenom>Nicolas</Prenom>
                  <Civilite>M.</Civilite>
                  <Voix>         826</Voix>
                  <RapVoixExp>  50,00</RapVoixExp>
                  <NumDepCand>12</NumDepCand>
                  <NumPanneauCand>1</NumPanneauCand>
                </Candidat>
                <Candidat>
                  <Nom>ROYAL</Nom>
                  <Prenom>Ségolène</Prenom>
                  <Civilite>Mme</Civilite>
                  <Voix>         826</Voix>
                  <RapVoixExp>  50,00</RapVoixExp>
                  <NumDepCand>8</NumDepCand>
                  <NumPanneauCand>2</NumPanneauCand>
                </Candidat>
              </Liste>
            </Periode>
          </Tour>
          <Tour>
            <NumTour>1</NumTour>
            <Periode>
              <CodPeriod>PVoteT1</CodPeriod>
              <Mention>
                <Inscrit>
                  <NbrIns>       3 180</NbrIns>
                  <RapIns> 100,00</RapIns>
                </Inscrit>
                <Abstention>
                  <NbrAbs>       1 652</NbrAbs>
                  <RapAbs>  51,95</RapAbs>
                </Abstention>
                <Votant>
                  <NbrVot>       1 528</NbrVot>
                  <RapVot>  48,05</RapVot>
                </Votant>
                <Blanc>
                  <NbrBla>           0</NbrBla>
                  <RapBla>   0,00</RapBla>
                </Blanc>
                <Nul>
                  <NbrNul>         249</NbrNul>
                  <RapNul>   7,83</RapNul>
                </Nul>
                <BlancNul>
                  <NbrBlaNul>         249</NbrBlaNul>
                  <RapBlaNul>  16,30</RapBlaNul>
                </BlancNul>
                <Exprime>
                  <NbrExp>       1 279</NbrExp>
                  <RapExp>  83,70</RapExp>
                </Exprime>
              </Mention>
              <Liste>
                <Candidat>
                  <Nom>BESANCENOT</Nom>
                  <Prenom>Olivier</Prenom>
                  <Civilite>M.</Civilite>
                  <Voix>          30</Voix>
                  <RapVoixExp>   2,35</RapVoixExp>
                  <NumDepCand>1</NumDepCand>
                  <NumPanneauCand>1</NumPanneauCand>
                </Candidat>
                <Candidat>
                  <Nom>BUFFET</Nom>
                  <Prenom>Marie-George</Prenom>
                  <Civilite>Mme</Civilite>
                  <Voix>           9</Voix>
                  <RapVoixExp>   0,70</RapVoixExp>
                  <NumDepCand>2</NumDepCand>
                  <NumPanneauCand>2</NumPanneauCand>
                </Candidat>
                <Candidat>
                  <Nom>SCHIVARDI</Nom>
                  <Prenom>Gérard</Prenom>
                  <Civilite>M.</Civilite>
                  <Voix>           4</Voix>
                  <RapVoixExp>   0,31</RapVoixExp>
                  <NumDepCand>3</NumDepCand>
                  <NumPanneauCand>3</NumPanneauCand>
                </Candidat>
                <Candidat>
                  <Nom>BAYROU</Nom>
                  <Prenom>François</Prenom>
                  <Civilite>M.</Civilite>
                  <Voix>         222</Voix>
                  <RapVoixExp>  17,36</RapVoixExp>
                  <NumDepCand>4</NumDepCand>
                  <NumPanneauCand>4</NumPanneauCand>
                </Candidat>
                <Candidat>
                  <Nom>BOVÉ</Nom>
                  <Prenom>José</Prenom>
                  <Civilite>M.</Civilite>
                  <Voix>          18</Voix>
                  <RapVoixExp>   1,41</RapVoixExp>
                  <NumDepCand>5</NumDepCand>
                  <NumPanneauCand>5</NumPanneauCand>
                </Candidat>
                <Candidat>
                  <Nom>VOYNET</Nom>
                  <Prenom>Dominique</Prenom>
                  <Civilite>Mme</Civilite>
                  <Voix>           9</Voix>
                  <RapVoixExp>   0,70</RapVoixExp>
                  <NumDepCand>6</NumDepCand>
                  <NumPanneauCand>6</NumPanneauCand>
                </Candidat>
                <Candidat>
                  <Nom>de VILLIERS</Nom>
                  <Prenom>Philippe</Prenom>
                  <Civilite>M.</Civilite>
                  <Voix>           3</Voix>
                  <RapVoixExp>   0,23</RapVoixExp>
                  <NumDepCand>7</NumDepCand>
                  <NumPanneauCand>7</NumPanneauCand>
                </Candidat>
                <Candidat>
                  <Nom>ROYAL</Nom>
                  <Prenom>Ségolène</Prenom>
                  <Civilite>Mme</Civilite>
                  <Voix>         337</Voix>
                  <RapVoixExp>  26,35</RapVoixExp>
                  <NumDepCand>8</NumDepCand>
                  <NumPanneauCand>8</NumPanneauCand>
                </Candidat>
                <Candidat>
                  <Nom>NIHOUS</Nom>
                  <Prenom>Frédéric</Prenom>
                  <Civilite>M.</Civilite>
                  <Voix>           8</Voix>
                  <RapVoixExp>   0,63</RapVoixExp>
                  <NumDepCand>9</NumDepCand>
                  <NumPanneauCand>9</NumPanneauCand>
                </Candidat>
                <Candidat>
                  <Nom>LE PEN</Nom>
                  <Prenom>Jean-Marie</Prenom>
                  <Civilite>M.</Civilite>
                  <Voix>          36</Voix>
                  <RapVoixExp>   2,81</RapVoixExp>
                  <NumDepCand>10</NumDepCand>
                  <NumPanneauCand>10</NumPanneauCand>
                </Candidat>
                <Candidat>
                  <Nom>LAGUILLER</Nom>
                  <Prenom>Arlette</Prenom>
                  <Civilite>Mme</Civilite>
                  <Voix>          10</Voix>
                  <RapVoixExp>   0,78</RapVoixExp>
                  <NumDepCand>11</NumDepCand>
                  <NumPanneauCand>11</NumPanneauCand>
                </Candidat>
                <Candidat>
                  <Nom>SARKOZY</Nom>
                  <Prenom>Nicolas</Prenom>
                  <Civilite>M.</Civilite>
                  <Voix>         593</Voix>
                  <RapVoixExp>  46,36</RapVoixExp>
                  <NumDepCand>12</NumDepCand>
                  <NumPanneauCand>12</NumPanneauCand>
                </Candidat>
              </Liste>
            </Periode>
            <Periode>
              <CodPeriod>SaisieResT1</CodPeriod>
              <Mention>
                <Inscrit>
                  <NbrIns>       3 182</NbrIns>
                  <RapIns> 100,00</RapIns>
                </Inscrit>
                <Abstention>
                  <NbrAbs>       1 654</NbrAbs>
                  <RapAbs>  51,98</RapAbs>
                </Abstention>
                <Votant>
                  <NbrVot>       1 528</NbrVot>
                  <RapVot>  48,02</RapVot>
                </Votant>
                <Blanc>
                  <NbrBla>           0</NbrBla>
                  <RapBla>   0,00</RapBla>
                </Blanc>
                <Nul>
                  <NbrNul>         249</NbrNul>
                  <RapNul>   7,83</RapNul>
                </Nul>
                <BlancNul>
                  <NbrBlaNul>         249</NbrBlaNul>
                  <RapBlaNul>  16,30</RapBlaNul>
                </BlancNul>
                <Exprime>
                  <NbrExp>       1 279</NbrExp>
                  <RapExp>  83,70</RapExp>
                </Exprime>
              </Mention>
              <Liste>
                <Candidat>
                  <Nom>BESANCENOT</Nom>
                  <Prenom>Olivier</Prenom>
                  <Civilite>M.</Civilite>
                  <Voix>          30</Voix>
                  <RapVoixExp>   2,35</RapVoixExp>
                  <NumDepCand>1</NumDepCand>
                  <NumPanneauCand>1</NumPanneauCand>
                </Candidat>
                <Candidat>
                  <Nom>BUFFET</Nom>
                  <Prenom>Marie-George</Prenom>
                  <Civilite>Mme</Civilite>
                  <Voix>           9</Voix>
                  <RapVoixExp>   0,70</RapVoixExp>
                  <NumDepCand>2</NumDepCand>
                  <NumPanneauCand>2</NumPanneauCand>
                </Candidat>
                <Candidat>
                  <Nom>SCHIVARDI</Nom>
                  <Prenom>Gérard</Prenom>
                  <Civilite>M.</Civilite>
                  <Voix>           4</Voix>
                  <RapVoixExp>   0,31</RapVoixExp>
                  <NumDepCand>3</NumDepCand>
                  <NumPanneauCand>3</NumPanneauCand>
                </Candidat>
                <Candidat>
                  <Nom>BAYROU</Nom>
                  <Prenom>François</Prenom>
                  <Civilite>M.</Civilite>
                  <Voix>         222</Voix>
                  <RapVoixExp>  17,36</RapVoixExp>
                  <NumDepCand>4</NumDepCand>
                  <NumPanneauCand>4</NumPanneauCand>
                </Candidat>
                <Candidat>
                  <Nom>BOVÉ</Nom>
                  <Prenom>José</Prenom>
                  <Civilite>M.</Civilite>
                  <Voix>          18</Voix>
                  <RapVoixExp>   1,41</RapVoixExp>
                  <NumDepCand>5</NumDepCand>
                  <NumPanneauCand>5</NumPanneauCand>
                </Candidat>
                <Candidat>
                  <Nom>VOYNET</Nom>
                  <Prenom>Dominique</Prenom>
                  <Civilite>Mme</Civilite>
                  <Voix>           9</Voix>
                  <RapVoixExp>   0,70</RapVoixExp>
                  <NumDepCand>6</NumDepCand>
                  <NumPanneauCand>6</NumPanneauCand>
                </Candidat>
                <Candidat>
                  <Nom>de VILLIERS</Nom>
                  <Prenom>Philippe</Prenom>
                  <Civilite>M.</Civilite>
                  <Voix>           3</Voix>
                  <RapVoixExp>   0,23</RapVoixExp>
                  <NumDepCand>7</NumDepCand>
                  <NumPanneauCand>7</NumPanneauCand>
                </Candidat>
                <Candidat>
                  <Nom>ROYAL</Nom>
                  <Prenom>Ségolène</Prenom>
                  <Civilite>Mme</Civilite>
                  <Voix>         337</Voix>
                  <RapVoixExp>  26,35</RapVoixExp>
                  <NumDepCand>8</NumDepCand>
                  <NumPanneauCand>8</NumPanneauCand>
                </Candidat>
                <Candidat>
                  <Nom>NIHOUS</Nom>
                  <Prenom>Frédéric</Prenom>
                  <Civilite>M.</Civilite>
                  <Voix>           8</Voix>
                  <RapVoixExp>   0,63</RapVoixExp>
                  <NumDepCand>9</NumDepCand>
                  <NumPanneauCand>9</NumPanneauCand>
                </Candidat>
                <Candidat>
                  <Nom>LE PEN</Nom>
                  <Prenom>Jean-Marie</Prenom>
                  <Civilite>M.</Civilite>
                  <Voix>          36</Voix>
                  <RapVoixExp>   2,81</RapVoixExp>
                  <NumDepCand>10</NumDepCand>
                  <NumPanneauCand>10</NumPanneauCand>
                </Candidat>
                <Candidat>
                  <Nom>LAGUILLER</Nom>
                  <Prenom>Arlette</Prenom>
                  <Civilite>Mme</Civilite>
                  <Voix>          10</Voix>
                  <RapVoixExp>   0,78</RapVoixExp>
                  <NumDepCand>11</NumDepCand>
                  <NumPanneauCand>11</NumPanneauCand>
                </Candidat>
                <Candidat>
                  <Nom>SARKOZY</Nom>
                  <Prenom>Nicolas</Prenom>
                  <Civilite>M.</Civilite>
                  <Voix>         593</Voix>
                  <RapVoixExp>  46,36</RapVoixExp>
                  <NumDepCand>12</NumDepCand>
                  <NumPanneauCand>12</NumPanneauCand>
                </Candidat>
              </Liste>
            </Periode>
          </Tour>
        </Resultats>
      </Communes>
    </Departement>
  </Region>
</Election>