﻿<?xml version="1.0" encoding="utf-8"?>
<Election>
  <Type>Présidentielle</Type>
  <NbrTour>2</NbrTour>
  <DateScrutin>
    <DateTour1>DIMANCHE 22 AVRIL 2007</DateTour1>
    <DateTour2>DIMANCHE 6 MAI 2007</DateTour2>
  </DateScrutin>
  <DateExtraction>10/05/2007</DateExtraction>
  <HeureExtraction>14:03</HeureExtraction>
  <Region>
    <CodReg>02</CodReg>
    <CodReg3Car>002</CodReg3Car>
    <LibReg>MARTINIQUE</LibReg>
    <Departement>
      <CodDpt>972</CodDpt>
      <CodDpt3Car>972</CodDpt3Car>
      <LibDpt>MARTINIQUE</LibDpt>
      <LienIdxLet1>
        <libelle>
          <CodDpt>972</CodDpt>
          <LibLigne1>Résultats par commune : </LibLigne1>
          <LibLigne2>Cliquez sur la lettre correspondant à l'initiale</LibLigne2>
          <Index>
            <IndexLet1>
              <LibIndex>B</LibIndex>
              <NomPageIndex>972b</NomPageIndex>
            </IndexLet1>
            <IndexLet1>
              <LibIndex>C</LibIndex>
              <NomPageIndex>972c</NomPageIndex>
            </IndexLet1>
            <IndexLet1>
              <LibIndex>D</LibIndex>
              <NomPageIndex>972d</NomPageIndex>
            </IndexLet1>
            <IndexLet1>
              <LibIndex>F</LibIndex>
              <NomPageIndex>972f</NomPageIndex>
            </IndexLet1>
            <IndexLet1>
              <LibIndex>G</LibIndex>
              <NomPageIndex>972g</NomPageIndex>
            </IndexLet1>
            <IndexLet1>
              <LibIndex>L</LibIndex>
              <NomPageIndex>972l</NomPageIndex>
            </IndexLet1>
            <IndexLet1>
              <LibIndex>M</LibIndex>
              <NomPageIndex>972m</NomPageIndex>
            </IndexLet1>
            <IndexLet1>
              <LibIndex>R</LibIndex>
              <NomPageIndex>972r</NomPageIndex>
            </IndexLet1>
            <IndexLet1>
              <LibIndex>S</LibIndex>
              <NomPageIndex>972s</NomPageIndex>
            </IndexLet1>
          </Index>
        </libelle>
      </LienIdxLet1>
      <Resultats>
        <Tour>
          <NumTour>2</NumTour>
          <Periode>
            <CodPeriod>PVoteT2</CodPeriod>
            <Mention>
              <Inscrit>
                <NbrIns>     287 518</NbrIns>
                <RapIns> 100,00</RapIns>
              </Inscrit>
              <Abstention>
                <NbrAbs>      98 393</NbrAbs>
                <RapAbs>  34,22</RapAbs>
              </Abstention>
              <Votant>
                <NbrVot>     189 125</NbrVot>
                <RapVot>  65,78</RapVot>
              </Votant>
              <Blanc>
                <NbrBla>           0</NbrBla>
                <RapBla>   0,00</RapBla>
              </Blanc>
              <Nul>
                <NbrNul>       9 807</NbrNul>
                <RapNul>   3,41</RapNul>
              </Nul>
              <BlancNul>
                <NbrBlaNul>       9 807</NbrBlaNul>
                <RapBlaNul>   5,19</RapBlaNul>
              </BlancNul>
              <Exprime>
                <NbrExp>     179 318</NbrExp>
                <RapExp>  94,81</RapExp>
              </Exprime>
            </Mention>
            <Liste>
              <Candidat>
                <Nom>SARKOZY</Nom>
                <Prenom>Nicolas</Prenom>
                <Civilite>M.</Civilite>
                <Voix>      70 796</Voix>
                <RapVoixExp>  39,48</RapVoixExp>
                <NumDepCand>12</NumDepCand>
                <NumPanneauCand>1</NumPanneauCand>
              </Candidat>
              <Candidat>
                <Nom>ROYAL</Nom>
                <Prenom>Ségolène</Prenom>
                <Civilite>Mme</Civilite>
                <Voix>     108 522</Voix>
                <RapVoixExp>  60,52</RapVoixExp>
                <NumDepCand>8</NumDepCand>
                <NumPanneauCand>2</NumPanneauCand>
              </Candidat>
            </Liste>
          </Periode>
          <Periode>
            <CodPeriod>SaisieResT2</CodPeriod>
            <Mention>
              <Inscrit>
                <NbrIns>     287 518</NbrIns>
                <RapIns> 100,00</RapIns>
              </Inscrit>
              <Abstention>
                <NbrAbs>      98 393</NbrAbs>
                <RapAbs>  34,22</RapAbs>
              </Abstention>
              <Votant>
                <NbrVot>     189 125</NbrVot>
                <RapVot>  65,78</RapVot>
              </Votant>
              <Blanc>
                <NbrBla>           0</NbrBla>
                <RapBla>   0,00</RapBla>
              </Blanc>
              <Nul>
                <NbrNul>       9 807</NbrNul>
                <RapNul>   3,41</RapNul>
              </Nul>
              <BlancNul>
                <NbrBlaNul>       9 807</NbrBlaNul>
                <RapBlaNul>   5,19</RapBlaNul>
              </BlancNul>
              <Exprime>
                <NbrExp>     179 318</NbrExp>
                <RapExp>  94,81</RapExp>
              </Exprime>
            </Mention>
            <Liste>
              <Candidat>
                <Nom>SARKOZY</Nom>
                <Prenom>Nicolas</Prenom>
                <Civilite>M.</Civilite>
                <Voix>      70 796</Voix>
                <RapVoixExp>  39,48</RapVoixExp>
                <NumDepCand>12</NumDepCand>
                <NumPanneauCand>1</NumPanneauCand>
              </Candidat>
              <Candidat>
                <Nom>ROYAL</Nom>
                <Prenom>Ségolène</Prenom>
                <Civilite>Mme</Civilite>
                <Voix>     108 522</Voix>
                <RapVoixExp>  60,52</RapVoixExp>
                <NumDepCand>8</NumDepCand>
                <NumPanneauCand>2</NumPanneauCand>
              </Candidat>
            </Liste>
          </Periode>
        </Tour>
        <Tour>
          <NumTour>1</NumTour>
          <Periode>
            <CodPeriod>PVoteT1</CodPeriod>
            <Mention>
              <Inscrit>
                <NbrIns>     287 465</NbrIns>
                <RapIns> 100,00</RapIns>
              </Inscrit>
              <Abstention>
                <NbrAbs>     117 881</NbrAbs>
                <RapAbs>  41,01</RapAbs>
              </Abstention>
              <Votant>
                <NbrVot>     169 584</NbrVot>
                <RapVot>  58,99</RapVot>
              </Votant>
              <Blanc>
                <NbrBla>           0</NbrBla>
                <RapBla>   0,00</RapBla>
              </Blanc>
              <Nul>
                <NbrNul>      10 206</NbrNul>
                <RapNul>   3,55</RapNul>
              </Nul>
              <BlancNul>
                <NbrBlaNul>      10 206</NbrBlaNul>
                <RapBlaNul>   6,02</RapBlaNul>
              </BlancNul>
              <Exprime>
                <NbrExp>     159 378</NbrExp>
                <RapExp>  93,98</RapExp>
              </Exprime>
            </Mention>
            <Liste>
              <Candidat>
                <Nom>BESANCENOT</Nom>
                <Prenom>Olivier</Prenom>
                <Civilite>M.</Civilite>
                <Voix>       4 057</Voix>
                <RapVoixExp>   2,55</RapVoixExp>
                <NumDepCand>1</NumDepCand>
                <NumPanneauCand>1</NumPanneauCand>
              </Candidat>
              <Candidat>
                <Nom>BUFFET</Nom>
                <Prenom>Marie-George</Prenom>
                <Civilite>Mme</Civilite>
                <Voix>         901</Voix>
                <RapVoixExp>   0,57</RapVoixExp>
                <NumDepCand>2</NumDepCand>
                <NumPanneauCand>2</NumPanneauCand>
              </Candidat>
              <Candidat>
                <Nom>SCHIVARDI</Nom>
                <Prenom>Gérard</Prenom>
                <Civilite>M.</Civilite>
                <Voix>         216</Voix>
                <RapVoixExp>   0,14</RapVoixExp>
                <NumDepCand>3</NumDepCand>
                <NumPanneauCand>3</NumPanneauCand>
              </Candidat>
              <Candidat>
                <Nom>BAYROU</Nom>
                <Prenom>François</Prenom>
                <Civilite>M.</Civilite>
                <Voix>      13 715</Voix>
                <RapVoixExp>   8,61</RapVoixExp>
                <NumDepCand>4</NumDepCand>
                <NumPanneauCand>4</NumPanneauCand>
              </Candidat>
              <Candidat>
                <Nom>BOVÉ</Nom>
                <Prenom>José</Prenom>
                <Civilite>M.</Civilite>
                <Voix>       1 388</Voix>
                <RapVoixExp>   0,87</RapVoixExp>
                <NumDepCand>5</NumDepCand>
                <NumPanneauCand>5</NumPanneauCand>
              </Candidat>
              <Candidat>
                <Nom>VOYNET</Nom>
                <Prenom>Dominique</Prenom>
                <Civilite>Mme</Civilite>
                <Voix>       1 479</Voix>
                <RapVoixExp>   0,93</RapVoixExp>
                <NumDepCand>6</NumDepCand>
                <NumPanneauCand>6</NumPanneauCand>
              </Candidat>
              <Candidat>
                <Nom>de VILLIERS</Nom>
                <Prenom>Philippe</Prenom>
                <Civilite>M.</Civilite>
                <Voix>         777</Voix>
                <RapVoixExp>   0,49</RapVoixExp>
                <NumDepCand>7</NumDepCand>
                <NumPanneauCand>7</NumPanneauCand>
              </Candidat>
              <Candidat>
                <Nom>ROYAL</Nom>
                <Prenom>Ségolène</Prenom>
                <Civilite>Mme</Civilite>
                <Voix>      77 266</Voix>
                <RapVoixExp>  48,48</RapVoixExp>
                <NumDepCand>8</NumDepCand>
                <NumPanneauCand>8</NumPanneauCand>
              </Candidat>
              <Candidat>
                <Nom>NIHOUS</Nom>
                <Prenom>Frédéric</Prenom>
                <Civilite>M.</Civilite>
                <Voix>         338</Voix>
                <RapVoixExp>   0,21</RapVoixExp>
                <NumDepCand>9</NumDepCand>
                <NumPanneauCand>9</NumPanneauCand>
              </Candidat>
              <Candidat>
                <Nom>LE PEN</Nom>
                <Prenom>Jean-Marie</Prenom>
                <Civilite>M.</Civilite>
                <Voix>       3 367</Voix>
                <RapVoixExp>   2,11</RapVoixExp>
                <NumDepCand>10</NumDepCand>
                <NumPanneauCand>10</NumPanneauCand>
              </Candidat>
              <Candidat>
                <Nom>LAGUILLER</Nom>
                <Prenom>Arlette</Prenom>
                <Civilite>Mme</Civilite>
                <Voix>       2 049</Voix>
                <RapVoixExp>   1,29</RapVoixExp>
                <NumDepCand>11</NumDepCand>
                <NumPanneauCand>11</NumPanneauCand>
              </Candidat>
              <Candidat>
                <Nom>SARKOZY</Nom>
                <Prenom>Nicolas</Prenom>
                <Civilite>M.</Civilite>
                <Voix>      53 825</Voix>
                <RapVoixExp>  33,77</RapVoixExp>
                <NumDepCand>12</NumDepCand>
                <NumPanneauCand>12</NumPanneauCand>
              </Candidat>
            </Liste>
          </Periode>
          <Periode>
            <CodPeriod>SaisieResT1</CodPeriod>
            <Mention>
              <Inscrit>
                <NbrIns>     287 563</NbrIns>
                <RapIns> 100,00</RapIns>
              </Inscrit>
              <Abstention>
                <NbrAbs>     117 979</NbrAbs>
                <RapAbs>  41,03</RapAbs>
              </Abstention>
              <Votant>
                <NbrVot>     169 584</NbrVot>
                <RapVot>  58,97</RapVot>
              </Votant>
              <Blanc>
                <NbrBla>           0</NbrBla>
                <RapBla>   0,00</RapBla>
              </Blanc>
              <Nul>
                <NbrNul>      10 206</NbrNul>
                <RapNul>   3,55</RapNul>
              </Nul>
              <BlancNul>
                <NbrBlaNul>      10 206</NbrBlaNul>
                <RapBlaNul>   6,02</RapBlaNul>
              </BlancNul>
              <Exprime>
                <NbrExp>     159 378</NbrExp>
                <RapExp>  93,98</RapExp>
              </Exprime>
            </Mention>
            <Liste>
              <Candidat>
                <Nom>BESANCENOT</Nom>
                <Prenom>Olivier</Prenom>
                <Civilite>M.</Civilite>
                <Voix>       4 057</Voix>
                <RapVoixExp>   2,55</RapVoixExp>
                <NumDepCand>1</NumDepCand>
                <NumPanneauCand>1</NumPanneauCand>
              </Candidat>
              <Candidat>
                <Nom>BUFFET</Nom>
                <Prenom>Marie-George</Prenom>
                <Civilite>Mme</Civilite>
                <Voix>         901</Voix>
                <RapVoixExp>   0,57</RapVoixExp>
                <NumDepCand>2</NumDepCand>
                <NumPanneauCand>2</NumPanneauCand>
              </Candidat>
              <Candidat>
                <Nom>SCHIVARDI</Nom>
                <Prenom>Gérard</Prenom>
                <Civilite>M.</Civilite>
                <Voix>         216</Voix>
                <RapVoixExp>   0,14</RapVoixExp>
                <NumDepCand>3</NumDepCand>
                <NumPanneauCand>3</NumPanneauCand>
              </Candidat>
              <Candidat>
                <Nom>BAYROU</Nom>
                <Prenom>François</Prenom>
                <Civilite>M.</Civilite>
                <Voix>      13 715</Voix>
                <RapVoixExp>   8,61</RapVoixExp>
                <NumDepCand>4</NumDepCand>
                <NumPanneauCand>4</NumPanneauCand>
              </Candidat>
              <Candidat>
                <Nom>BOVÉ</Nom>
                <Prenom>José</Prenom>
                <Civilite>M.</Civilite>
                <Voix>       1 388</Voix>
                <RapVoixExp>   0,87</RapVoixExp>
                <NumDepCand>5</NumDepCand>
                <NumPanneauCand>5</NumPanneauCand>
              </Candidat>
              <Candidat>
                <Nom>VOYNET</Nom>
                <Prenom>Dominique</Prenom>
                <Civilite>Mme</Civilite>
                <Voix>       1 479</Voix>
                <RapVoixExp>   0,93</RapVoixExp>
                <NumDepCand>6</NumDepCand>
                <NumPanneauCand>6</NumPanneauCand>
              </Candidat>
              <Candidat>
                <Nom>de VILLIERS</Nom>
                <Prenom>Philippe</Prenom>
                <Civilite>M.</Civilite>
                <Voix>         777</Voix>
                <RapVoixExp>   0,49</RapVoixExp>
                <NumDepCand>7</NumDepCand>
                <NumPanneauCand>7</NumPanneauCand>
              </Candidat>
              <Candidat>
                <Nom>ROYAL</Nom>
                <Prenom>Ségolène</Prenom>
                <Civilite>Mme</Civilite>
                <Voix>      77 266</Voix>
                <RapVoixExp>  48,48</RapVoixExp>
                <NumDepCand>8</NumDepCand>
                <NumPanneauCand>8</NumPanneauCand>
              </Candidat>
              <Candidat>
                <Nom>NIHOUS</Nom>
                <Prenom>Frédéric</Prenom>
                <Civilite>M.</Civilite>
                <Voix>         338</Voix>
                <RapVoixExp>   0,21</RapVoixExp>
                <NumDepCand>9</NumDepCand>
                <NumPanneauCand>9</NumPanneauCand>
              </Candidat>
              <Candidat>
                <Nom>LE PEN</Nom>
                <Prenom>Jean-Marie</Prenom>
                <Civilite>M.</Civilite>
                <Voix>       3 367</Voix>
                <RapVoixExp>   2,11</RapVoixExp>
                <NumDepCand>10</NumDepCand>
                <NumPanneauCand>10</NumPanneauCand>
              </Candidat>
              <Candidat>
                <Nom>LAGUILLER</Nom>
                <Prenom>Arlette</Prenom>
                <Civilite>Mme</Civilite>
                <Voix>       2 049</Voix>
                <RapVoixExp>   1,29</RapVoixExp>
                <NumDepCand>11</NumDepCand>
                <NumPanneauCand>11</NumPanneauCand>
              </Candidat>
              <Candidat>
                <Nom>SARKOZY</Nom>
                <Prenom>Nicolas</Prenom>
                <Civilite>M.</Civilite>
                <Voix>      53 825</Voix>
                <RapVoixExp>  33,77</RapVoixExp>
                <NumDepCand>12</NumDepCand>
                <NumPanneauCand>12</NumPanneauCand>
              </Candidat>
            </Liste>
          </Periode>
        </Tour>
      </Resultats>
    </Departement>
  </Region>
</Election>