﻿<?xml version="1.0" encoding="utf-8"?>
<Election>
  <Type>Présidentielle</Type>
  <NbrTour>2</NbrTour>
  <DateScrutin>
    <DateTour1>DIMANCHE 22 AVRIL 2007</DateTour1>
    <DateTour2>DIMANCHE 6 MAI 2007</DateTour2>
  </DateScrutin>
  <DateExtraction>10/05/2007</DateExtraction>
  <HeureExtraction>14:06</HeureExtraction>
  <Region>
    <CodReg>03</CodReg>
    <CodReg3Car>003</CodReg3Car>
    <LibReg>GUYANE</LibReg>
    <LienDept>
      <Dept>
        <CodDpt>973</CodDpt>
        <CodDpt3Car>973</CodDpt3Car>
        <LibDpt>GUYANE</LibDpt>
      </Dept>
    </LienDept>
    <Resultats>
      <Tour>
        <NumTour>2</NumTour>
        <Periode>
          <CodPeriod>PVoteT2</CodPeriod>
          <Mention>
            <Inscrit>
              <NbrIns>      62 727</NbrIns>
              <RapIns> 100,00</RapIns>
            </Inscrit>
            <Abstention>
              <NbrAbs>      22 917</NbrAbs>
              <RapAbs>  36,53</RapAbs>
            </Abstention>
            <Votant>
              <NbrVot>      39 810</NbrVot>
              <RapVot>  63,47</RapVot>
            </Votant>
            <Blanc>
              <NbrBla>           0</NbrBla>
              <RapBla>   0,00</RapBla>
            </Blanc>
            <Nul>
              <NbrNul>       1 545</NbrNul>
              <RapNul>   2,46</RapNul>
            </Nul>
            <BlancNul>
              <NbrBlaNul>       1 545</NbrBlaNul>
              <RapBlaNul>   3,88</RapBlaNul>
            </BlancNul>
            <Exprime>
              <NbrExp>      38 265</NbrExp>
              <RapExp>  96,12</RapExp>
            </Exprime>
          </Mention>
          <Liste>
            <Candidat>
              <Nom>SARKOZY</Nom>
              <Prenom>Nicolas</Prenom>
              <Civilite>M.</Civilite>
              <Voix>      20 311</Voix>
              <RapVoixExp>  53,08</RapVoixExp>
              <NumDepCand>12</NumDepCand>
              <NumPanneauCand>1</NumPanneauCand>
            </Candidat>
            <Candidat>
              <Nom>ROYAL</Nom>
              <Prenom>Ségolène</Prenom>
              <Civilite>Mme</Civilite>
              <Voix>      17 954</Voix>
              <RapVoixExp>  46,92</RapVoixExp>
              <NumDepCand>8</NumDepCand>
              <NumPanneauCand>2</NumPanneauCand>
            </Candidat>
          </Liste>
        </Periode>
        <Periode>
          <CodPeriod>SaisieResT2</CodPeriod>
          <Mention>
            <Inscrit>
              <NbrIns>      62 727</NbrIns>
              <RapIns> 100,00</RapIns>
            </Inscrit>
            <Abstention>
              <NbrAbs>      22 917</NbrAbs>
              <RapAbs>  36,53</RapAbs>
            </Abstention>
            <Votant>
              <NbrVot>      39 810</NbrVot>
              <RapVot>  63,47</RapVot>
            </Votant>
            <Blanc>
              <NbrBla>           0</NbrBla>
              <RapBla>   0,00</RapBla>
            </Blanc>
            <Nul>
              <NbrNul>       1 545</NbrNul>
              <RapNul>   2,46</RapNul>
            </Nul>
            <BlancNul>
              <NbrBlaNul>       1 545</NbrBlaNul>
              <RapBlaNul>   3,88</RapBlaNul>
            </BlancNul>
            <Exprime>
              <NbrExp>      38 265</NbrExp>
              <RapExp>  96,12</RapExp>
            </Exprime>
          </Mention>
          <Liste>
            <Candidat>
              <Nom>SARKOZY</Nom>
              <Prenom>Nicolas</Prenom>
              <Civilite>M.</Civilite>
              <Voix>      20 311</Voix>
              <RapVoixExp>  53,08</RapVoixExp>
              <NumDepCand>12</NumDepCand>
              <NumPanneauCand>1</NumPanneauCand>
            </Candidat>
            <Candidat>
              <Nom>ROYAL</Nom>
              <Prenom>Ségolène</Prenom>
              <Civilite>Mme</Civilite>
              <Voix>      17 954</Voix>
              <RapVoixExp>  46,92</RapVoixExp>
              <NumDepCand>8</NumDepCand>
              <NumPanneauCand>2</NumPanneauCand>
            </Candidat>
          </Liste>
        </Periode>
      </Tour>
      <Tour>
        <NumTour>1</NumTour>
        <Periode>
          <CodPeriod>PVoteT1</CodPeriod>
          <Mention>
            <Inscrit>
              <NbrIns>      62 526</NbrIns>
              <RapIns> 100,00</RapIns>
            </Inscrit>
            <Abstention>
              <NbrAbs>      25 783</NbrAbs>
              <RapAbs>  41,24</RapAbs>
            </Abstention>
            <Votant>
              <NbrVot>      36 743</NbrVot>
              <RapVot>  58,76</RapVot>
            </Votant>
            <Blanc>
              <NbrBla>           0</NbrBla>
              <RapBla>   0,00</RapBla>
            </Blanc>
            <Nul>
              <NbrNul>       1 315</NbrNul>
              <RapNul>   2,10</RapNul>
            </Nul>
            <BlancNul>
              <NbrBlaNul>       1 315</NbrBlaNul>
              <RapBlaNul>   3,58</RapBlaNul>
            </BlancNul>
            <Exprime>
              <NbrExp>      35 428</NbrExp>
              <RapExp>  96,42</RapExp>
            </Exprime>
          </Mention>
          <Liste>
            <Candidat>
              <Nom>BESANCENOT</Nom>
              <Prenom>Olivier</Prenom>
              <Civilite>M.</Civilite>
              <Voix>         911</Voix>
              <RapVoixExp>   2,57</RapVoixExp>
              <NumDepCand>1</NumDepCand>
              <NumPanneauCand>1</NumPanneauCand>
            </Candidat>
            <Candidat>
              <Nom>BUFFET</Nom>
              <Prenom>Marie-George</Prenom>
              <Civilite>Mme</Civilite>
              <Voix>         220</Voix>
              <RapVoixExp>   0,62</RapVoixExp>
              <NumDepCand>2</NumDepCand>
              <NumPanneauCand>2</NumPanneauCand>
            </Candidat>
            <Candidat>
              <Nom>SCHIVARDI</Nom>
              <Prenom>Gérard</Prenom>
              <Civilite>M.</Civilite>
              <Voix>          59</Voix>
              <RapVoixExp>   0,17</RapVoixExp>
              <NumDepCand>3</NumDepCand>
              <NumPanneauCand>3</NumPanneauCand>
            </Candidat>
            <Candidat>
              <Nom>BAYROU</Nom>
              <Prenom>François</Prenom>
              <Civilite>M.</Civilite>
              <Voix>       4 431</Voix>
              <RapVoixExp>  12,51</RapVoixExp>
              <NumDepCand>4</NumDepCand>
              <NumPanneauCand>4</NumPanneauCand>
            </Candidat>
            <Candidat>
              <Nom>BOVÉ</Nom>
              <Prenom>José</Prenom>
              <Civilite>M.</Civilite>
              <Voix>         505</Voix>
              <RapVoixExp>   1,43</RapVoixExp>
              <NumDepCand>5</NumDepCand>
              <NumPanneauCand>5</NumPanneauCand>
            </Candidat>
            <Candidat>
              <Nom>VOYNET</Nom>
              <Prenom>Dominique</Prenom>
              <Civilite>Mme</Civilite>
              <Voix>         533</Voix>
              <RapVoixExp>   1,50</RapVoixExp>
              <NumDepCand>6</NumDepCand>
              <NumPanneauCand>6</NumPanneauCand>
            </Candidat>
            <Candidat>
              <Nom>de VILLIERS</Nom>
              <Prenom>Philippe</Prenom>
              <Civilite>M.</Civilite>
              <Voix>         191</Voix>
              <RapVoixExp>   0,54</RapVoixExp>
              <NumDepCand>7</NumDepCand>
              <NumPanneauCand>7</NumPanneauCand>
            </Candidat>
            <Candidat>
              <Nom>ROYAL</Nom>
              <Prenom>Ségolène</Prenom>
              <Civilite>Mme</Civilite>
              <Voix>      11 526</Voix>
              <RapVoixExp>  32,53</RapVoixExp>
              <NumDepCand>8</NumDepCand>
              <NumPanneauCand>8</NumPanneauCand>
            </Candidat>
            <Candidat>
              <Nom>NIHOUS</Nom>
              <Prenom>Frédéric</Prenom>
              <Civilite>M.</Civilite>
              <Voix>         103</Voix>
              <RapVoixExp>   0,29</RapVoixExp>
              <NumDepCand>9</NumDepCand>
              <NumPanneauCand>9</NumPanneauCand>
            </Candidat>
            <Candidat>
              <Nom>LE PEN</Nom>
              <Prenom>Jean-Marie</Prenom>
              <Civilite>M.</Civilite>
              <Voix>       1 953</Voix>
              <RapVoixExp>   5,51</RapVoixExp>
              <NumDepCand>10</NumDepCand>
              <NumPanneauCand>10</NumPanneauCand>
            </Candidat>
            <Candidat>
              <Nom>LAGUILLER</Nom>
              <Prenom>Arlette</Prenom>
              <Civilite>Mme</Civilite>
              <Voix>         346</Voix>
              <RapVoixExp>   0,98</RapVoixExp>
              <NumDepCand>11</NumDepCand>
              <NumPanneauCand>11</NumPanneauCand>
            </Candidat>
            <Candidat>
              <Nom>SARKOZY</Nom>
              <Prenom>Nicolas</Prenom>
              <Civilite>M.</Civilite>
              <Voix>      14 650</Voix>
              <RapVoixExp>  41,35</RapVoixExp>
              <NumDepCand>12</NumDepCand>
              <NumPanneauCand>12</NumPanneauCand>
            </Candidat>
          </Liste>
        </Periode>
        <Periode>
          <CodPeriod>SaisieResT1</CodPeriod>
          <Mention>
            <Inscrit>
              <NbrIns>      62 526</NbrIns>
              <RapIns> 100,00</RapIns>
            </Inscrit>
            <Abstention>
              <NbrAbs>      25 783</NbrAbs>
              <RapAbs>  41,24</RapAbs>
            </Abstention>
            <Votant>
              <NbrVot>      36 743</NbrVot>
              <RapVot>  58,76</RapVot>
            </Votant>
            <Blanc>
              <NbrBla>           0</NbrBla>
              <RapBla>   0,00</RapBla>
            </Blanc>
            <Nul>
              <NbrNul>       1 315</NbrNul>
              <RapNul>   2,10</RapNul>
            </Nul>
            <BlancNul>
              <NbrBlaNul>       1 315</NbrBlaNul>
              <RapBlaNul>   3,58</RapBlaNul>
            </BlancNul>
            <Exprime>
              <NbrExp>      35 428</NbrExp>
              <RapExp>  96,42</RapExp>
            </Exprime>
          </Mention>
          <Liste>
            <Candidat>
              <Nom>BESANCENOT</Nom>
              <Prenom>Olivier</Prenom>
              <Civilite>M.</Civilite>
              <Voix>         911</Voix>
              <RapVoixExp>   2,57</RapVoixExp>
              <NumDepCand>1</NumDepCand>
              <NumPanneauCand>1</NumPanneauCand>
            </Candidat>
            <Candidat>
              <Nom>BUFFET</Nom>
              <Prenom>Marie-George</Prenom>
              <Civilite>Mme</Civilite>
              <Voix>         220</Voix>
              <RapVoixExp>   0,62</RapVoixExp>
              <NumDepCand>2</NumDepCand>
              <NumPanneauCand>2</NumPanneauCand>
            </Candidat>
            <Candidat>
              <Nom>SCHIVARDI</Nom>
              <Prenom>Gérard</Prenom>
              <Civilite>M.</Civilite>
              <Voix>          59</Voix>
              <RapVoixExp>   0,17</RapVoixExp>
              <NumDepCand>3</NumDepCand>
              <NumPanneauCand>3</NumPanneauCand>
            </Candidat>
            <Candidat>
              <Nom>BAYROU</Nom>
              <Prenom>François</Prenom>
              <Civilite>M.</Civilite>
              <Voix>       4 431</Voix>
              <RapVoixExp>  12,51</RapVoixExp>
              <NumDepCand>4</NumDepCand>
              <NumPanneauCand>4</NumPanneauCand>
            </Candidat>
            <Candidat>
              <Nom>BOVÉ</Nom>
              <Prenom>José</Prenom>
              <Civilite>M.</Civilite>
              <Voix>         505</Voix>
              <RapVoixExp>   1,43</RapVoixExp>
              <NumDepCand>5</NumDepCand>
              <NumPanneauCand>5</NumPanneauCand>
            </Candidat>
            <Candidat>
              <Nom>VOYNET</Nom>
              <Prenom>Dominique</Prenom>
              <Civilite>Mme</Civilite>
              <Voix>         533</Voix>
              <RapVoixExp>   1,50</RapVoixExp>
              <NumDepCand>6</NumDepCand>
              <NumPanneauCand>6</NumPanneauCand>
            </Candidat>
            <Candidat>
              <Nom>de VILLIERS</Nom>
              <Prenom>Philippe</Prenom>
              <Civilite>M.</Civilite>
              <Voix>         191</Voix>
              <RapVoixExp>   0,54</RapVoixExp>
              <NumDepCand>7</NumDepCand>
              <NumPanneauCand>7</NumPanneauCand>
            </Candidat>
            <Candidat>
              <Nom>ROYAL</Nom>
              <Prenom>Ségolène</Prenom>
              <Civilite>Mme</Civilite>
              <Voix>      11 526</Voix>
              <RapVoixExp>  32,53</RapVoixExp>
              <NumDepCand>8</NumDepCand>
              <NumPanneauCand>8</NumPanneauCand>
            </Candidat>
            <Candidat>
              <Nom>NIHOUS</Nom>
              <Prenom>Frédéric</Prenom>
              <Civilite>M.</Civilite>
              <Voix>         103</Voix>
              <RapVoixExp>   0,29</RapVoixExp>
              <NumDepCand>9</NumDepCand>
              <NumPanneauCand>9</NumPanneauCand>
            </Candidat>
            <Candidat>
              <Nom>LE PEN</Nom>
              <Prenom>Jean-Marie</Prenom>
              <Civilite>M.</Civilite>
              <Voix>       1 953</Voix>
              <RapVoixExp>   5,51</RapVoixExp>
              <NumDepCand>10</NumDepCand>
              <NumPanneauCand>10</NumPanneauCand>
            </Candidat>
            <Candidat>
              <Nom>LAGUILLER</Nom>
              <Prenom>Arlette</Prenom>
              <Civilite>Mme</Civilite>
              <Voix>         346</Voix>
              <RapVoixExp>   0,98</RapVoixExp>
              <NumDepCand>11</NumDepCand>
              <NumPanneauCand>11</NumPanneauCand>
            </Candidat>
            <Candidat>
              <Nom>SARKOZY</Nom>
              <Prenom>Nicolas</Prenom>
              <Civilite>M.</Civilite>
              <Voix>      14 650</Voix>
              <RapVoixExp>  41,35</RapVoixExp>
              <NumDepCand>12</NumDepCand>
              <NumPanneauCand>12</NumPanneauCand>
            </Candidat>
          </Liste>
        </Periode>
      </Tour>
    </Resultats>
  </Region>
</Election>