﻿<?xml version="1.0" encoding="utf-8"?>
<Election>
  <Type>Présidentielle</Type>
  <NbrTour>2</NbrTour>
  <DateScrutin>
    <DateTour1>DIMANCHE 22 AVRIL 2007</DateTour1>
    <DateTour2>DIMANCHE 6 MAI 2007</DateTour2>
  </DateScrutin>
  <DateExtraction>10/05/2007</DateExtraction>
  <HeureExtraction>14:04</HeureExtraction>
  <Region>
    <CodReg3Car>000</CodReg3Car>
    <Departement>
      <CodDpt>975</CodDpt>
      <CodDpt3Car>975</CodDpt3Car>
      <LibDpt>SAINT PIERRE ET MIQUELON</LibDpt>
      <LienIdxLet1>
        <libelle>
          <CodDpt>975</CodDpt>
          <LibLigne1>Résultats par commune : </LibLigne1>
          <LibLigne2>Cliquez sur la lettre correspondant à l'initiale</LibLigne2>
          <Index>
            <IndexLet1>
              <LibIndex>E</LibIndex>
              <NomPageIndex>975e</NomPageIndex>
            </IndexLet1>
          </Index>
        </libelle>
      </LienIdxLet1>
      <Resultats>
        <Tour>
          <NumTour>2</NumTour>
          <Periode>
            <CodPeriod>PVoteT2</CodPeriod>
            <Mention>
              <Inscrit>
                <NbrIns>       4 923</NbrIns>
                <RapIns> 100,00</RapIns>
              </Inscrit>
              <Abstention>
                <NbrAbs>       1 240</NbrAbs>
                <RapAbs>  25,19</RapAbs>
              </Abstention>
              <Votant>
                <NbrVot>       3 683</NbrVot>
                <RapVot>  74,81</RapVot>
              </Votant>
              <Blanc>
                <NbrBla>           0</NbrBla>
                <RapBla>   0,00</RapBla>
              </Blanc>
              <Nul>
                <NbrNul>         162</NbrNul>
                <RapNul>   3,29</RapNul>
              </Nul>
              <BlancNul>
                <NbrBlaNul>         162</NbrBlaNul>
                <RapBlaNul>   4,40</RapBlaNul>
              </BlancNul>
              <Exprime>
                <NbrExp>       3 521</NbrExp>
                <RapExp>  95,60</RapExp>
              </Exprime>
            </Mention>
            <Liste>
              <Candidat>
                <Nom>SARKOZY</Nom>
                <Prenom>Nicolas</Prenom>
                <Civilite>M.</Civilite>
                <Voix>       1 378</Voix>
                <RapVoixExp>  39,14</RapVoixExp>
                <NumDepCand>12</NumDepCand>
                <NumPanneauCand>1</NumPanneauCand>
              </Candidat>
              <Candidat>
                <Nom>ROYAL</Nom>
                <Prenom>Ségolène</Prenom>
                <Civilite>Mme</Civilite>
                <Voix>       2 143</Voix>
                <RapVoixExp>  60,86</RapVoixExp>
                <NumDepCand>8</NumDepCand>
                <NumPanneauCand>2</NumPanneauCand>
              </Candidat>
            </Liste>
          </Periode>
          <Periode>
            <CodPeriod>SaisieResT2</CodPeriod>
            <Mention>
              <Inscrit>
                <NbrIns>       4 923</NbrIns>
                <RapIns> 100,00</RapIns>
              </Inscrit>
              <Abstention>
                <NbrAbs>       1 240</NbrAbs>
                <RapAbs>  25,19</RapAbs>
              </Abstention>
              <Votant>
                <NbrVot>       3 683</NbrVot>
                <RapVot>  74,81</RapVot>
              </Votant>
              <Blanc>
                <NbrBla>           0</NbrBla>
                <RapBla>   0,00</RapBla>
              </Blanc>
              <Nul>
                <NbrNul>         162</NbrNul>
                <RapNul>   3,29</RapNul>
              </Nul>
              <BlancNul>
                <NbrBlaNul>         162</NbrBlaNul>
                <RapBlaNul>   4,40</RapBlaNul>
              </BlancNul>
              <Exprime>
                <NbrExp>       3 521</NbrExp>
                <RapExp>  95,60</RapExp>
              </Exprime>
            </Mention>
            <Liste>
              <Candidat>
                <Nom>SARKOZY</Nom>
                <Prenom>Nicolas</Prenom>
                <Civilite>M.</Civilite>
                <Voix>       1 378</Voix>
                <RapVoixExp>  39,14</RapVoixExp>
                <NumDepCand>12</NumDepCand>
                <NumPanneauCand>1</NumPanneauCand>
              </Candidat>
              <Candidat>
                <Nom>ROYAL</Nom>
                <Prenom>Ségolène</Prenom>
                <Civilite>Mme</Civilite>
                <Voix>       2 143</Voix>
                <RapVoixExp>  60,86</RapVoixExp>
                <NumDepCand>8</NumDepCand>
                <NumPanneauCand>2</NumPanneauCand>
              </Candidat>
            </Liste>
          </Periode>
        </Tour>
        <Tour>
          <NumTour>1</NumTour>
          <Periode>
            <CodPeriod>PVoteT1</CodPeriod>
            <Mention>
              <Inscrit>
                <NbrIns>       4 923</NbrIns>
                <RapIns> 100,00</RapIns>
              </Inscrit>
              <Abstention>
                <NbrAbs>       1 817</NbrAbs>
                <RapAbs>  36,91</RapAbs>
              </Abstention>
              <Votant>
                <NbrVot>       3 106</NbrVot>
                <RapVot>  63,09</RapVot>
              </Votant>
              <Blanc>
                <NbrBla>           0</NbrBla>
                <RapBla>   0,00</RapBla>
              </Blanc>
              <Nul>
                <NbrNul>         358</NbrNul>
                <RapNul>   7,27</RapNul>
              </Nul>
              <BlancNul>
                <NbrBlaNul>         358</NbrBlaNul>
                <RapBlaNul>  11,53</RapBlaNul>
              </BlancNul>
              <Exprime>
                <NbrExp>       2 748</NbrExp>
                <RapExp>  88,47</RapExp>
              </Exprime>
            </Mention>
            <Liste>
              <Candidat>
                <Nom>BESANCENOT</Nom>
                <Prenom>Olivier</Prenom>
                <Civilite>M.</Civilite>
                <Voix>         179</Voix>
                <RapVoixExp>   6,51</RapVoixExp>
                <NumDepCand>1</NumDepCand>
                <NumPanneauCand>1</NumPanneauCand>
              </Candidat>
              <Candidat>
                <Nom>BUFFET</Nom>
                <Prenom>Marie-George</Prenom>
                <Civilite>Mme</Civilite>
                <Voix>           8</Voix>
                <RapVoixExp>   0,29</RapVoixExp>
                <NumDepCand>2</NumDepCand>
                <NumPanneauCand>2</NumPanneauCand>
              </Candidat>
              <Candidat>
                <Nom>SCHIVARDI</Nom>
                <Prenom>Gérard</Prenom>
                <Civilite>M.</Civilite>
                <Voix>           5</Voix>
                <RapVoixExp>   0,18</RapVoixExp>
                <NumDepCand>3</NumDepCand>
                <NumPanneauCand>3</NumPanneauCand>
              </Candidat>
              <Candidat>
                <Nom>BAYROU</Nom>
                <Prenom>François</Prenom>
                <Civilite>M.</Civilite>
                <Voix>         633</Voix>
                <RapVoixExp>  23,03</RapVoixExp>
                <NumDepCand>4</NumDepCand>
                <NumPanneauCand>4</NumPanneauCand>
              </Candidat>
              <Candidat>
                <Nom>BOVÉ</Nom>
                <Prenom>José</Prenom>
                <Civilite>M.</Civilite>
                <Voix>         141</Voix>
                <RapVoixExp>   5,13</RapVoixExp>
                <NumDepCand>5</NumDepCand>
                <NumPanneauCand>5</NumPanneauCand>
              </Candidat>
              <Candidat>
                <Nom>VOYNET</Nom>
                <Prenom>Dominique</Prenom>
                <Civilite>Mme</Civilite>
                <Voix>          79</Voix>
                <RapVoixExp>   2,87</RapVoixExp>
                <NumDepCand>6</NumDepCand>
                <NumPanneauCand>6</NumPanneauCand>
              </Candidat>
              <Candidat>
                <Nom>de VILLIERS</Nom>
                <Prenom>Philippe</Prenom>
                <Civilite>M.</Civilite>
                <Voix>          17</Voix>
                <RapVoixExp>   0,62</RapVoixExp>
                <NumDepCand>7</NumDepCand>
                <NumPanneauCand>7</NumPanneauCand>
              </Candidat>
              <Candidat>
                <Nom>ROYAL</Nom>
                <Prenom>Ségolène</Prenom>
                <Civilite>Mme</Civilite>
                <Voix>         732</Voix>
                <RapVoixExp>  26,64</RapVoixExp>
                <NumDepCand>8</NumDepCand>
                <NumPanneauCand>8</NumPanneauCand>
              </Candidat>
              <Candidat>
                <Nom>NIHOUS</Nom>
                <Prenom>Frédéric</Prenom>
                <Civilite>M.</Civilite>
                <Voix>          45</Voix>
                <RapVoixExp>   1,64</RapVoixExp>
                <NumDepCand>9</NumDepCand>
                <NumPanneauCand>9</NumPanneauCand>
              </Candidat>
              <Candidat>
                <Nom>LE PEN</Nom>
                <Prenom>Jean-Marie</Prenom>
                <Civilite>M.</Civilite>
                <Voix>         184</Voix>
                <RapVoixExp>   6,70</RapVoixExp>
                <NumDepCand>10</NumDepCand>
                <NumPanneauCand>10</NumPanneauCand>
              </Candidat>
              <Candidat>
                <Nom>LAGUILLER</Nom>
                <Prenom>Arlette</Prenom>
                <Civilite>Mme</Civilite>
                <Voix>          40</Voix>
                <RapVoixExp>   1,46</RapVoixExp>
                <NumDepCand>11</NumDepCand>
                <NumPanneauCand>11</NumPanneauCand>
              </Candidat>
              <Candidat>
                <Nom>SARKOZY</Nom>
                <Prenom>Nicolas</Prenom>
                <Civilite>M.</Civilite>
                <Voix>         685</Voix>
                <RapVoixExp>  24,93</RapVoixExp>
                <NumDepCand>12</NumDepCand>
                <NumPanneauCand>12</NumPanneauCand>
              </Candidat>
            </Liste>
          </Periode>
          <Periode>
            <CodPeriod>SaisieResT1</CodPeriod>
            <Mention>
              <Inscrit>
                <NbrIns>       4 923</NbrIns>
                <RapIns> 100,00</RapIns>
              </Inscrit>
              <Abstention>
                <NbrAbs>       1 817</NbrAbs>
                <RapAbs>  36,91</RapAbs>
              </Abstention>
              <Votant>
                <NbrVot>       3 106</NbrVot>
                <RapVot>  63,09</RapVot>
              </Votant>
              <Blanc>
                <NbrBla>           0</NbrBla>
                <RapBla>   0,00</RapBla>
              </Blanc>
              <Nul>
                <NbrNul>         358</NbrNul>
                <RapNul>   7,27</RapNul>
              </Nul>
              <BlancNul>
                <NbrBlaNul>         358</NbrBlaNul>
                <RapBlaNul>  11,53</RapBlaNul>
              </BlancNul>
              <Exprime>
                <NbrExp>       2 748</NbrExp>
                <RapExp>  88,47</RapExp>
              </Exprime>
            </Mention>
            <Liste>
              <Candidat>
                <Nom>BESANCENOT</Nom>
                <Prenom>Olivier</Prenom>
                <Civilite>M.</Civilite>
                <Voix>         179</Voix>
                <RapVoixExp>   6,51</RapVoixExp>
                <NumDepCand>1</NumDepCand>
                <NumPanneauCand>1</NumPanneauCand>
              </Candidat>
              <Candidat>
                <Nom>BUFFET</Nom>
                <Prenom>Marie-George</Prenom>
                <Civilite>Mme</Civilite>
                <Voix>           8</Voix>
                <RapVoixExp>   0,29</RapVoixExp>
                <NumDepCand>2</NumDepCand>
                <NumPanneauCand>2</NumPanneauCand>
              </Candidat>
              <Candidat>
                <Nom>SCHIVARDI</Nom>
                <Prenom>Gérard</Prenom>
                <Civilite>M.</Civilite>
                <Voix>           5</Voix>
                <RapVoixExp>   0,18</RapVoixExp>
                <NumDepCand>3</NumDepCand>
                <NumPanneauCand>3</NumPanneauCand>
              </Candidat>
              <Candidat>
                <Nom>BAYROU</Nom>
                <Prenom>François</Prenom>
                <Civilite>M.</Civilite>
                <Voix>         633</Voix>
                <RapVoixExp>  23,03</RapVoixExp>
                <NumDepCand>4</NumDepCand>
                <NumPanneauCand>4</NumPanneauCand>
              </Candidat>
              <Candidat>
                <Nom>BOVÉ</Nom>
                <Prenom>José</Prenom>
                <Civilite>M.</Civilite>
                <Voix>         141</Voix>
                <RapVoixExp>   5,13</RapVoixExp>
                <NumDepCand>5</NumDepCand>
                <NumPanneauCand>5</NumPanneauCand>
              </Candidat>
              <Candidat>
                <Nom>VOYNET</Nom>
                <Prenom>Dominique</Prenom>
                <Civilite>Mme</Civilite>
                <Voix>          79</Voix>
                <RapVoixExp>   2,87</RapVoixExp>
                <NumDepCand>6</NumDepCand>
                <NumPanneauCand>6</NumPanneauCand>
              </Candidat>
              <Candidat>
                <Nom>de VILLIERS</Nom>
                <Prenom>Philippe</Prenom>
                <Civilite>M.</Civilite>
                <Voix>          17</Voix>
                <RapVoixExp>   0,62</RapVoixExp>
                <NumDepCand>7</NumDepCand>
                <NumPanneauCand>7</NumPanneauCand>
              </Candidat>
              <Candidat>
                <Nom>ROYAL</Nom>
                <Prenom>Ségolène</Prenom>
                <Civilite>Mme</Civilite>
                <Voix>         732</Voix>
                <RapVoixExp>  26,64</RapVoixExp>
                <NumDepCand>8</NumDepCand>
                <NumPanneauCand>8</NumPanneauCand>
              </Candidat>
              <Candidat>
                <Nom>NIHOUS</Nom>
                <Prenom>Frédéric</Prenom>
                <Civilite>M.</Civilite>
                <Voix>          45</Voix>
                <RapVoixExp>   1,64</RapVoixExp>
                <NumDepCand>9</NumDepCand>
                <NumPanneauCand>9</NumPanneauCand>
              </Candidat>
              <Candidat>
                <Nom>LE PEN</Nom>
                <Prenom>Jean-Marie</Prenom>
                <Civilite>M.</Civilite>
                <Voix>         184</Voix>
                <RapVoixExp>   6,70</RapVoixExp>
                <NumDepCand>10</NumDepCand>
                <NumPanneauCand>10</NumPanneauCand>
              </Candidat>
              <Candidat>
                <Nom>LAGUILLER</Nom>
                <Prenom>Arlette</Prenom>
                <Civilite>Mme</Civilite>
                <Voix>          40</Voix>
                <RapVoixExp>   1,46</RapVoixExp>
                <NumDepCand>11</NumDepCand>
                <NumPanneauCand>11</NumPanneauCand>
              </Candidat>
              <Candidat>
                <Nom>SARKOZY</Nom>
                <Prenom>Nicolas</Prenom>
                <Civilite>M.</Civilite>
                <Voix>         685</Voix>
                <RapVoixExp>  24,93</RapVoixExp>
                <NumDepCand>12</NumDepCand>
                <NumPanneauCand>12</NumPanneauCand>
              </Candidat>
            </Liste>
          </Periode>
        </Tour>
      </Resultats>
    </Departement>
  </Region>
</Election>